BUILD_IDENTIFIER,START,END,LAMBDA,PERIOD,TEST_NAME,MICRO_SCORE_NAME,SCORE_NAME,VERDICT_SET_NAME,FLAKINESS_SCORE,CONFIDENCE,STANDARD_DEVIATION,MARGIN_OF_ERROR_SD,SCORE_CREATION_TIME,LAST_INCLUDED_RUN_INSTANT,VERSIONS
BUILD_1754573610385,2026-04-15T14:10:25Z,2029-01-09T14:26:25Z,0.1,6047,tc149,MULTI_TRANSITION_RATE,UA_UNWEIGHTED_SCORE,Verdicts[ALL],0.285140562248996,0.9367544467966324,0.0,0.0,2025-08-07T13:33:31.470269Z,2026-12-20T17:52:14Z,{v1}
BUILD_1754573610385,2026-04-15T14:10:25Z,2029-01-09T14:26:25Z,0.1,6047,tc149,MULTI_TRANSITION_RATE,UA_UNWEIGHTED_SCORE,Verdicts[ALL],0.3032128514056225,0.9552786404500042,0.012779038214214715,0.08068367188108888,2025-08-07T13:33:31.471340Z,2027-08-28T10:35:08Z,{v1~v2}
BUILD_1754573610385,2026-04-15T14:10:25Z,2029-01-09T14:26:25Z,0.1,6047,tc149,MULTI_TRANSITION_RATE,UA_UNWEIGHTED_SCORE,Verdicts[ALL],0.2744310575635877,0.9634851628329889,0.014547008757432417,0.030035814207370688,2025-08-07T13:33:31.471580Z,2028-05-04T10:15:51Z,{v1~v2~v3}
BUILD_1754573610385,2026-04-15T14:10:25Z,2029-01-09T14:26:25Z,0.1,6047,tc149,MULTI_TRANSITION_RATE,UA_UNWEIGHTED_SCORE,Verdicts[ALL],0.27710843373493976,0.9683772233983162,0.012983376667517275,0.017640708792187043,2025-08-07T13:33:31.471830Z,2029-01-08T18:13:57Z,{v1~v2~v3~v4}
BUILD_1754573610385,2026-04-15T14:10:25Z,2029-01-09T14:26:25Z,0.1,6047,tc182,MULTI_TRANSITION_RATE,UA_UNWEIGHTED_SCORE,Verdicts[ALL],0.3493975903614458,0.9367544467966324,0.0,0.0,2025-08-07T13:33:31.472397Z,2026-12-20T16:38:09Z,{v1}
BUILD_1754573610385,2026-04-15T14:10:25Z,2029-01-09T14:26:25Z,0.1,6047,tc182,MULTI_TRANSITION_RATE,UA_UNWEIGHTED_SCORE,Verdicts[ALL],0.3453815261044177,0.9552786404500042,0.0028397862698254883,0.01792970486246417,2025-08-07T13:33:31.472555Z,2027-08-28T13:40:49Z,{v1~v2}
BUILD_1754573610385,2026-04-15T14:10:25Z,2029-01-09T14:26:25Z,0.1,6047,tc182,MULTI_TRANSITION_RATE,UA_UNWEIGHTED_SCORE,Verdicts[ALL],0.3319946452476573,0.9634851628329889,0.009112261426444503,0.018814465281313638,2025-08-07T13:33:31.472725Z,2028-05-04T03:59:27Z,{v1~v2~v3}
BUILD_1754573610385,2026-04-15T14:10:25Z,2029-01-09T14:26:25Z,0.1,6047,tc182,MULTI_TRANSITION_RATE,UA_UNWEIGHTED_SCORE,Verdicts[ALL],0.3313253012048193,0.9683772233983162,0.009232338838108247,0.012544117380598931,2025-08-07T13:33:31.472882Z,2029-01-08T15:11:01Z,{v1~v2~v3~v4}
BUILD_1754573610385,2026-04-15T14:10:25Z,2029-01-09T14:26:25Z,0.1,6047,tc171,MULTI_TRANSITION_RATE,UA_UNWEIGHTED_SCORE,Verdicts[ALL],0.15261044176706828,0.9367544467966324,0.0,0.0,2025-08-07T13:33:31.473194Z,2026-12-21T01:47:45Z,{v1}
BUILD_1754573610385,2026-04-15T14:10:25Z,2029-01-09T14:26:25Z,0.1,6047,tc171,MULTI_TRANSITION_RATE,UA_UNWEIGHTED_SCORE,Verdicts[ALL],0.15461847389558234,0.9552786404500042,0.0014198931349127442,0.008964852431232085,2025-08-07T13:33:31.473325Z,2027-08-28T00:23:45Z,{v1~v2}
BUILD_1754573610385,2026-04-15T14:10:25Z,2029-01-09T14:26:25Z,0.1,6047,tc171,MULTI_TRANSITION_RATE,UA_UNWEIGHTED_SCORE,Verdicts[ALL],0.1499330655957162,0.9634851628329889,0.0023506590256253336,0.00485350348898967,2025-08-07T13:33:31.473455Z,2028-05-04T01:02:25Z,{v1~v2~v3}
BUILD_1754573610385,2026-04-15T14:10:25Z,2029-01-09T14:26:25Z,0.1,6047,tc171,MULTI_TRANSITION_RATE,UA_UNWEIGHTED_SCORE,Verdicts[ALL],0.14859437751004018,0.9683772233983162,0.002698212097824145,0.003666101284449122,2025-08-07T13:33:31.473602Z,2029-01-08T18:36:13Z,{v1~v2~v3~v4}
BUILD_1754573610385,2026-04-15T14:10:25Z,2029-01-09T14:26:25Z,0.1,6047,tc121,MULTI_TRANSITION_RATE,UA_UNWEIGHTED_SCORE,Verdicts[ALL],0.19678714859437751,0.9367544467966324,0.0,0.0,2025-08-07T13:33:31.473788Z,2026-12-21T10:31:18Z,{v1}
BUILD_1754573610385,2026-04-15T14:10:25Z,2029-01-09T14:26:25Z,0.1,6047,tc121,MULTI_TRANSITION_RATE,UA_UNWEIGHTED_SCORE,Verdicts[ALL],0.22289156626506024,0.9552786404500042,0.018458610753865692,0.11654308160601723,2025-08-07T13:33:31.473910Z,2027-08-27T20:19:51Z,{v1~v2}
BUILD_1754573610385,2026-04-15T14:10:25Z,2029-01-09T14:26:25Z,0.1,6047,tc121,MULTI_TRANSITION_RATE,UA_UNWEIGHTED_SCORE,Verdicts[ALL],0.21552878179384205,0.9634851628329889,0.013459197797283062,0.02778976565975474,2025-08-07T13:33:31.474024Z,2028-05-03T21:32:15Z,{v1~v2~v3}
BUILD_1754573610385,2026-04-15T14:10:25Z,2029-01-09T14:26:25Z,0.1,6047,tc121,MULTI_TRANSITION_RATE,UA_UNWEIGHTED_SCORE,Verdicts[ALL],0.20481927710843376,0.9683772233983162,0.011520692421725903,0.015653337748760373,2025-08-07T13:33:31.474144Z,2029-01-08T22:28:55Z,{v1~v2~v3~v4}
BUILD_1754573610385,2026-04-15T14:10:25Z,2029-01-09T14:26:25Z,0.1,6047,tc112,MULTI_TRANSITION_RATE,UA_UNWEIGHTED_SCORE,Verdicts[ALL],0.21285140562248997,0.9367544467966324,0.0,0.0,2025-08-07T13:33:31.474346Z,2026-12-20T22:13:42Z,{v1}
BUILD_1754573610385,2026-04-15T14:10:25Z,2029-01-09T14:26:25Z,0.1,6047,tc112,MULTI_TRANSITION_RATE,UA_UNWEIGHTED_SCORE,Verdicts[ALL],0.18072289156626506,0.9552786404500042,0.022718290158603945,0.14343763889971362,2025-08-07T13:33:31.474455Z,2027-08-27T16:12:28Z,{v1~v2}
BUILD_1754573610385,2026-04-15T14:10:25Z,2029-01-09T14:26:25Z,0.1,6047,tc112,MULTI_TRANSITION_RATE,UA_UNWEIGHTED_SCORE,Verdicts[ALL],0.17670682730923692,0.9634851628329889,0.019810774547454824,0.04090413043213744,2025-08-07T13:33:31.474563Z,2028-05-04T12:38:36Z,{v1~v2~v3}
BUILD_1754573610385,2026-04-15T14:10:25Z,2029-01-09T14:26:25Z,0.1,6047,tc112,MULTI_TRANSITION_RATE,UA_UNWEIGHTED_SCORE,Verdicts[ALL],0.16365461847389556,0.9683772233983162,0.020890210419798858,0.028383842513417,2025-08-07T13:33:31.474754Z,2029-01-08T15:36:45Z,{v1~v2~v3~v4}
BUILD_1754573610385,2026-04-15T14:10:25Z,2029-01-09T14:26:25Z,0.1,6047,tc118,MULTI_TRANSITION_RATE,UA_UNWEIGHTED_SCORE,Verdicts[ALL],0.060240963855421686,0.9367544467966324,0.0,0.0,2025-08-07T13:33:31.474897Z,2026-12-21T10:45:33Z,{v1}
BUILD_1754573610385,2026-04-15T14:10:25Z,2029-01-09T14:26:25Z,0.1,6047,tc118,MULTI_TRANSITION_RATE,UA_UNWEIGHTED_SCORE,Verdicts[ALL],0.07630522088353414,0.9552786404500042,0.011359145079301972,0.07171881944985681,2025-08-07T13:33:31.474976Z,2027-08-27T20:32:40Z,{v1~v2}
BUILD_1754573610385,2026-04-15T14:10:25Z,2029-01-09T14:26:25Z,0.1,6047,tc118,MULTI_TRANSITION_RATE,UA_UNWEIGHTED_SCORE,Verdicts[ALL],0.0856760374832664,0.9634851628329889,0.012863485323872891,0.02655977333138556,2025-08-07T13:33:31.475069Z,2028-05-03T20:37:16Z,{v1~v2~v3}
BUILD_1754573610385,2026-04-15T14:10:25Z,2029-01-09T14:26:25Z,0.1,6047,tc118,MULTI_TRANSITION_RATE,UA_UNWEIGHTED_SCORE,Verdicts[ALL],0.08534136546184738,0.9683772233983162,0.011918506628596965,0.016193853883855233,2025-08-07T13:33:31.475218Z,2029-01-09T13:33:25Z,{v1~v2~v3~v4}
BUILD_1754573610385,2026-04-15T14:10:25Z,2029-01-09T14:26:25Z,0.1,6047,tc172,MULTI_TRANSITION_RATE,UA_UNWEIGHTED_SCORE,Verdicts[ALL],0.18072289156626506,0.9367544467966324,0.0,0.0,2025-08-07T13:33:31.475438Z,2026-12-21T01:55:23Z,{v1}
BUILD_1754573610385,2026-04-15T14:10:25Z,2029-01-09T14:26:25Z,0.1,6047,tc172,MULTI_TRANSITION_RATE,UA_UNWEIGHTED_SCORE,Verdicts[ALL],0.23092369477911645,0.9552786404500042,0.03549732837281864,0.22412131078080236,2025-08-07T13:33:31.475513Z,2027-08-27T15:08:14Z,{v1~v2}
BUILD_1754573610385,2026-04-15T14:10:25Z,2029-01-09T14:26:25Z,0.1,6047,tc172,MULTI_TRANSITION_RATE,UA_UNWEIGHTED_SCORE,Verdicts[ALL],0.23025435073627842,0.9634851628329889,0.028792169398911847,0.059448390051392165,2025-08-07T13:33:31.475628Z,2028-05-03T16:16:28Z,{v1~v2~v3}
BUILD_1754573610385,2026-04-15T14:10:25Z,2029-01-09T14:26:25Z,0.1,6047,tc172,MULTI_TRANSITION_RATE,UA_UNWEIGHTED_SCORE,Verdicts[ALL],0.22791164658634536,0.9683772233983162,0.024520864261496196,0.03331686639362652,2025-08-07T13:33:31.475729Z,2029-01-09T13:40:33Z,{v1~v2~v3~v4}
BUILD_1754573610385,2026-04-15T14:10:25Z,2029-01-09T14:26:25Z,0.1,6047,tc200,MULTI_TRANSITION_RATE,UA_UNWEIGHTED_SCORE,Verdicts[ALL],0.28112449799196787,0.9367544467966324,0.0,0.0,2025-08-07T13:33:31.475839Z,2026-12-20T19:06:35Z,{v1}
BUILD_1754573610385,2026-04-15T14:10:25Z,2029-01-09T14:26:25Z,0.1,6047,tc200,MULTI_TRANSITION_RATE,UA_UNWEIGHTED_SCORE,Verdicts[ALL],0.2891566265060241,0.9552786404500042,0.005679572539650977,0.03585940972492834,2025-08-07T13:33:31.475904Z,2027-08-27T19:23:43Z,{v1~v2}
BUILD_1754573610385,2026-04-15T14:10:25Z,2029-01-09T14:26:25Z,0.1,6047,tc200,MULTI_TRANSITION_RATE,UA_UNWEIGHTED_SCORE,Verdicts[ALL],0.29852744310575635,0.9634851628329889,0.008710049663517684,0.01798400192044458,2025-08-07T13:33:31.475979Z,2028-05-03T18:33:58Z,{v1~v2~v3}
BUILD_1754573610385,2026-04-15T14:10:25Z,2029-01-09T14:26:25Z,0.1,6047,tc200,MULTI_TRANSITION_RATE,UA_UNWEIGHTED_SCORE,Verdicts[ALL],0.2921686746987952,0.9683772233983162,0.007226513681957559,0.009818772628318578,2025-08-07T13:33:31.476155Z,2029-01-08T23:52:07Z,{v1~v2~v3~v4}
BUILD_1754573610385,2026-04-15T14:10:25Z,2029-01-09T14:26:25Z,0.1,6047,tc142,MULTI_TRANSITION_RATE,UA_UNWEIGHTED_SCORE,Verdicts[ALL],0.26104417670682734,0.9367544467966324,0.0,0.0,2025-08-07T13:33:31.476248Z,2026-12-20T16:56:36Z,{v1}
BUILD_1754573610385,2026-04-15T14:10:25Z,2029-01-09T14:26:25Z,0.1,6047,tc142,MULTI_TRANSITION_RATE,UA_UNWEIGHTED_SCORE,Verdicts[ALL],0.2530120481927711,0.9552786404500042,0.005679572539650977,0.03585940972492834,2025-08-07T13:33:31.476319Z,2027-08-28T13:22:03Z,{v1~v2}
BUILD_1754573610385,2026-04-15T14:10:25Z,2029-01-09T14:26:25Z,0.1,6047,tc142,MULTI_TRANSITION_RATE,UA_UNWEIGHTED_SCORE,Verdicts[ALL],0.248995983935743,0.9634851628329889,0.006134639484545974,0.012666445374405982,2025-08-07T13:33:31.476391Z,2028-05-04T01:32:42Z,{v1~v2~v3}
BUILD_1754573610385,2026-04-15T14:10:25Z,2029-01-09T14:26:25Z,0.1,6047,tc142,MULTI_TRANSITION_RATE,UA_UNWEIGHTED_SCORE,Verdicts[ALL],0.23594377510040163,0.9683772233983162,0.010478227713824147,0.01423692530004538,2025-08-07T13:33:31.476495Z,2029-01-09T07:28:34Z,{v1~v2~v3~v4}
BUILD_1754573610385,2026-04-15T14:10:25Z,2029-01-09T14:26:25Z,0.1,6047,tc162,MULTI_TRANSITION_RATE,UA_UNWEIGHTED_SCORE,Verdicts[ALL],0.0,0.9367544467966324,0.0,0.0,2025-08-07T13:33:31.476711Z,2026-12-20T18:00:02Z,{v1}
BUILD_1754573610385,2026-04-15T14:10:25Z,2029-01-09T14:26:25Z,0.1,6047,tc162,MULTI_TRANSITION_RATE,UA_UNWEIGHTED_SCORE,Verdicts[ALL],0.0,0.9552786404500042,0.0,0.0,2025-08-07T13:33:31.476778Z,2027-08-27T15:55:49Z,{v1~v2}
BUILD_1754573610385,2026-04-15T14:10:25Z,2029-01-09T14:26:25Z,0.1,6047,tc162,MULTI_TRANSITION_RATE,UA_UNWEIGHTED_SCORE,Verdicts[ALL],0.0,0.9634851628329889,0.0,0.0,2025-08-07T13:33:31.476847Z,2028-05-03T15:42:28Z,{v1~v2~v3}
BUILD_1754573610385,2026-04-15T14:10:25Z,2029-01-09T14:26:25Z,0.1,6047,tc162,MULTI_TRANSITION_RATE,UA_UNWEIGHTED_SCORE,Verdicts[ALL],0.0,0.9683772233983162,0.0,0.0,2025-08-07T13:33:31.477016Z,2029-01-09T13:39:24Z,{v1~v2~v3~v4}
BUILD_1754573610385,2026-04-15T14:10:25Z,2029-01-09T14:26:25Z,0.1,6047,tc184,MULTI_TRANSITION_RATE,UA_UNWEIGHTED_SCORE,Verdicts[ALL],0.0,0.9367544467966324,0.0,0.0,2025-08-07T13:33:31.477143Z,2026-12-20T14:30:38Z,{v1}
BUILD_1754573610385,2026-04-15T14:10:25Z,2029-01-09T14:26:25Z,0.1,6047,tc184,MULTI_TRANSITION_RATE,UA_UNWEIGHTED_SCORE,Verdicts[ALL],0.0,0.9552786404500042,0.0,0.0,2025-08-07T13:33:31.477202Z,2027-08-27T16:48:36Z,{v1~v2}
BUILD_1754573610385,2026-04-15T14:10:25Z,2029-01-09T14:26:25Z,0.1,6047,tc184,MULTI_TRANSITION_RATE,UA_UNWEIGHTED_SCORE,Verdicts[ALL],0.0,0.9634851628329889,0.0,0.0,2025-08-07T13:33:31.477268Z,2028-05-04T00:45:05Z,{v1~v2~v3}
BUILD_1754573610385,2026-04-15T14:10:25Z,2029-01-09T14:26:25Z,0.1,6047,tc184,MULTI_TRANSITION_RATE,UA_UNWEIGHTED_SCORE,Verdicts[ALL],0.0,0.9683772233983162,0.0,0.0,2025-08-07T13:33:31.477383Z,2029-01-09T13:26:32Z,{v1~v2~v3~v4}
BUILD_1754573610385,2026-04-15T14:10:25Z,2029-01-09T14:26:25Z,0.1,6047,tc116,MULTI_TRANSITION_RATE,UA_UNWEIGHTED_SCORE,Verdicts[ALL],0.0,0.9367544467966324,0.0,0.0,2025-08-07T13:33:31.477463Z,2026-12-20T20:38:46Z,{v1}
BUILD_1754573610385,2026-04-15T14:10:25Z,2029-01-09T14:26:25Z,0.1,6047,tc116,MULTI_TRANSITION_RATE,UA_UNWEIGHTED_SCORE,Verdicts[ALL],0.0,0.9552786404500042,0.0,0.0,2025-08-07T13:33:31.477518Z,2027-08-27T22:18:51Z,{v1~v2}
BUILD_1754573610385,2026-04-15T14:10:25Z,2029-01-09T14:26:25Z,0.1,6047,tc116,MULTI_TRANSITION_RATE,UA_UNWEIGHTED_SCORE,Verdicts[ALL],0.0,0.9634851628329889,0.0,0.0,2025-08-07T13:33:31.477581Z,2028-05-04T08:04:55Z,{v1~v2~v3}
BUILD_1754573610385,2026-04-15T14:10:25Z,2029-01-09T14:26:25Z,0.1,6047,tc116,MULTI_TRANSITION_RATE,UA_UNWEIGHTED_SCORE,Verdicts[ALL],0.0,0.9683772233983162,0.0,0.0,2025-08-07T13:33:31.477649Z,2029-01-09T00:52:15Z,{v1~v2~v3~v4}
BUILD_1754573610385,2026-04-15T14:10:25Z,2029-01-09T14:26:25Z,0.1,6047,tc158,MULTI_TRANSITION_RATE,UA_UNWEIGHTED_SCORE,Verdicts[ALL],0.0,0.9367544467966324,0.0,0.0,2025-08-07T13:33:31.477772Z,2026-12-21T05:46:58Z,{v1}
BUILD_1754573610385,2026-04-15T14:10:25Z,2029-01-09T14:26:25Z,0.1,6047,tc158,MULTI_TRANSITION_RATE,UA_UNWEIGHTED_SCORE,Verdicts[ALL],0.0,0.9552786404500042,0.0,0.0,2025-08-07T13:33:31.477832Z,2027-08-27T16:26:13Z,{v1~v2}
BUILD_1754573610385,2026-04-15T14:10:25Z,2029-01-09T14:26:25Z,0.1,6047,tc158,MULTI_TRANSITION_RATE,UA_UNWEIGHTED_SCORE,Verdicts[ALL],0.0,0.9634851628329889,0.0,0.0,2025-08-07T13:33:31.477893Z,2028-05-04T10:08:56Z,{v1~v2~v3}
BUILD_1754573610385,2026-04-15T14:10:25Z,2029-01-09T14:26:25Z,0.1,6047,tc158,MULTI_TRANSITION_RATE,UA_UNWEIGHTED_SCORE,Verdicts[ALL],0.0,0.9683772233983162,0.0,0.0,2025-08-07T13:33:31.478503Z,2029-01-09T06:50:45Z,{v1~v2~v3~v4}
BUILD_1754573610385,2026-04-15T14:10:25Z,2029-01-09T14:26:25Z,0.1,6047,tc108,MULTI_TRANSITION_RATE,UA_UNWEIGHTED_SCORE,Verdicts[ALL],0.0,0.9367544467966324,0.0,0.0,2025-08-07T13:33:31.478775Z,2026-12-20T17:56:47Z,{v1}
BUILD_1754573610385,2026-04-15T14:10:25Z,2029-01-09T14:26:25Z,0.1,6047,tc108,MULTI_TRANSITION_RATE,UA_UNWEIGHTED_SCORE,Verdicts[ALL],0.0,0.9552786404500042,0.0,0.0,2025-08-07T13:33:31.478833Z,2027-08-27T22:05:04Z,{v1~v2}
BUILD_1754573610385,2026-04-15T14:10:25Z,2029-01-09T14:26:25Z,0.1,6047,tc108,MULTI_TRANSITION_RATE,UA_UNWEIGHTED_SCORE,Verdicts[ALL],0.0,0.9634851628329889,0.0,0.0,2025-08-07T13:33:31.478894Z,2028-05-04T10:58:47Z,{v1~v2~v3}
BUILD_1754573610385,2026-04-15T14:10:25Z,2029-01-09T14:26:25Z,0.1,6047,tc108,MULTI_TRANSITION_RATE,UA_UNWEIGHTED_SCORE,Verdicts[ALL],0.0,0.9683772233983162,0.0,0.0,2025-08-07T13:33:31.478962Z,2029-01-09T08:19:55Z,{v1~v2~v3~v4}
BUILD_1754573610385,2026-04-15T14:10:25Z,2029-01-09T14:26:25Z,0.1,6047,tc190,MULTI_TRANSITION_RATE,UA_UNWEIGHTED_SCORE,Verdicts[ALL],0.23694779116465864,0.9367544467966324,0.0,0.0,2025-08-07T13:33:31.479166Z,2026-12-21T05:18:23Z,{v1}
BUILD_1754573610385,2026-04-15T14:10:25Z,2029-01-09T14:26:25Z,0.1,6047,tc190,MULTI_TRANSITION_RATE,UA_UNWEIGHTED_SCORE,Verdicts[ALL],0.248995983935743,0.9552786404500042,0.008519358809476485,0.05378911458739264,2025-08-07T13:33:31.479231Z,2027-08-28T03:17:07Z,{v1~v2}
BUILD_1754573610385,2026-04-15T14:10:25Z,2029-01-09T14:26:25Z,0.1,6047,tc190,MULTI_TRANSITION_RATE,UA_UNWEIGHTED_SCORE,Verdicts[ALL],0.22088353413654618,0.9634851628329889,0.014103954153752003,0.029121020933938025,2025-08-07T13:33:31.479292Z,2028-05-04T04:28:27Z,{v1~v2~v3}
BUILD_1754573610385,2026-04-15T14:10:25Z,2029-01-09T14:26:25Z,0.1,6047,tc190,MULTI_TRANSITION_RATE,UA_UNWEIGHTED_SCORE,Verdicts[ALL],0.21987951807228917,0.9683772233983162,0.01394522533467247,0.018947587016084608,2025-08-07T13:33:31.479401Z,2029-01-09T06:06:14Z,{v1~v2~v3~v4}
BUILD_1754573610385,2026-04-15T14:10:25Z,2029-01-09T14:26:25Z,0.1,6047,tc130,MULTI_TRANSITION_RATE,UA_UNWEIGHTED_SCORE,Verdicts[ALL],0.0,0.9367544467966324,0.0,0.0,2025-08-07T13:33:31.479584Z,2026-12-21T06:22:13Z,{v1}
BUILD_1754573610385,2026-04-15T14:10:25Z,2029-01-09T14:26:25Z,0.1,6047,tc130,MULTI_TRANSITION_RATE,UA_UNWEIGHTED_SCORE,Verdicts[ALL],0.0,0.9552786404500042,0.0,0.0,2025-08-07T13:33:31.479637Z,2027-08-27T20:09:12Z,{v1~v2}
BUILD_1754573610385,2026-04-15T14:10:25Z,2029-01-09T14:26:25Z,0.1,6047,tc130,MULTI_TRANSITION_RATE,UA_UNWEIGHTED_SCORE,Verdicts[ALL],0.0,0.9634851628329889,0.0,0.0,2025-08-07T13:33:31.479692Z,2028-05-04T02:48:38Z,{v1~v2~v3}
BUILD_1754573610385,2026-04-15T14:10:25Z,2029-01-09T14:26:25Z,0.1,6047,tc130,MULTI_TRANSITION_RATE,UA_UNWEIGHTED_SCORE,Verdicts[ALL],0.0,0.9683772233983162,0.0,0.0,2025-08-07T13:33:31.479784Z,2029-01-09T10:57:34Z,{v1~v2~v3~v4}
BUILD_1754573610385,2026-04-15T14:10:25Z,2029-01-09T14:26:25Z,0.1,6047,tc127,MULTI_TRANSITION_RATE,UA_UNWEIGHTED_SCORE,Verdicts[ALL],0.09236947791164658,0.9367544467966324,0.0,0.0,2025-08-07T13:33:31.479970Z,2026-12-21T04:29:03Z,{v1}
BUILD_1754573610385,2026-04-15T14:10:25Z,2029-01-09T14:26:25Z,0.1,6047,tc127,MULTI_TRANSITION_RATE,UA_UNWEIGHTED_SCORE,Verdicts[ALL],0.11847389558232932,0.9552786404500042,0.018458610753865703,0.11654308160601728,2025-08-07T13:33:31.480035Z,2027-08-28T13:39:53Z,{v1~v2}
BUILD_1754573610385,2026-04-15T14:10:25Z,2029-01-09T14:26:25Z,0.1,6047,tc127,MULTI_TRANSITION_RATE,UA_UNWEIGHTED_SCORE,Verdicts[ALL],0.12048192771084337,0.9634851628329889,0.01568323228093706,0.032381822188743005,2025-08-07T13:33:31.480158Z,2028-05-03T17:23:02Z,{v1~v2~v3}
BUILD_1754573610385,2026-04-15T14:10:25Z,2029-01-09T14:26:25Z,0.1,6047,tc127,MULTI_TRANSITION_RATE,UA_UNWEIGHTED_SCORE,Verdicts[ALL],0.10943775100401607,0.9683772233983162,0.012815141899963719,0.017412125687873467,2025-08-07T13:33:31.480235Z,2029-01-09T09:18:28Z,{v1~v2~v3~v4}
BUILD_1754573610385,2026-04-15T14:10:25Z,2029-01-09T14:26:25Z,0.1,6047,tc165,MULTI_TRANSITION_RATE,UA_UNWEIGHTED_SCORE,Verdicts[ALL],0.13654618473895583,0.9367544467966324,0.0,0.0,2025-08-07T13:33:31.480413Z,2026-12-21T12:19:47Z,{v1}
BUILD_1754573610385,2026-04-15T14:10:25Z,2029-01-09T14:26:25Z,0.1,6047,tc165,MULTI_TRANSITION_RATE,UA_UNWEIGHTED_SCORE,Verdicts[ALL],0.1285140562248996,0.9552786404500042,0.005679572539650996,0.03585940972492846,2025-08-07T13:33:31.480473Z,2027-08-28T05:28:05Z,{v1~v2}
BUILD_1754573610385,2026-04-15T14:10:25Z,2029-01-09T14:26:25Z,0.1,6047,tc165,MULTI_TRANSITION_RATE,UA_UNWEIGHTED_SCORE,Verdicts[ALL],0.15261044176706826,0.9634851628329889,0.012269278969091937,0.02533289074881194,2025-08-07T13:33:31.480538Z,2028-05-03T19:17:43Z,{v1~v2~v3}
BUILD_1754573610385,2026-04-15T14:10:25Z,2029-01-09T14:26:25Z,0.1,6047,tc165,MULTI_TRANSITION_RATE,UA_UNWEIGHTED_SCORE,Verdicts[ALL],0.14457831325301204,0.9683772233983162,0.010369433323179158,0.014089104728191118,2025-08-07T13:33:31.480599Z,2029-01-08T21:41:52Z,{v1~v2~v3~v4}
BUILD_1754573610385,2026-04-15T14:10:25Z,2029-01-09T14:26:25Z,0.1,6047,tc141,MULTI_TRANSITION_RATE,UA_UNWEIGHTED_SCORE,Verdicts[ALL],0.2570281124497992,0.9367544467966324,0.0,0.0,2025-08-07T13:33:31.480707Z,2026-12-20T21:49:31Z,{v1}
BUILD_1754573610385,2026-04-15T14:10:25Z,2029-01-09T14:26:25Z,0.1,6047,tc141,MULTI_TRANSITION_RATE,UA_UNWEIGHTED_SCORE,Verdicts[ALL],0.25903614457831325,0.9552786404500042,0.0014198931349127637,0.008964852431232209,2025-08-07T13:33:31.480760Z,2027-08-28T02:13:29Z,{v1~v2}
BUILD_1754573610385,2026-04-15T14:10:25Z,2029-01-09T14:26:25Z,0.1,6047,tc141,MULTI_TRANSITION_RATE,UA_UNWEIGHTED_SCORE,Verdicts[ALL],0.27041499330655955,0.9634851628329889,0.007219406375441064,0.014906208705584649,2025-08-07T13:33:31.480812Z,2028-05-03T19:36:39Z,{v1~v2~v3}
BUILD_1754573610385,2026-04-15T14:10:25Z,2029-01-09T14:26:25Z,0.1,6047,tc141,MULTI_TRANSITION_RATE,UA_UNWEIGHTED_SCORE,Verdicts[ALL],0.2620481927710843,0.9683772233983162,0.005894884522693616,0.008009468098432202,2025-08-07T13:33:31.480867Z,2029-01-09T02:25:56Z,{v1~v2~v3~v4}
BUILD_1754573610385,2026-04-15T14:10:25Z,2029-01-09T14:26:25Z,0.1,6047,tc160,MULTI_TRANSITION_RATE,UA_UNWEIGHTED_SCORE,Verdicts[ALL],0.1927710843373494,0.9367544467966324,0.0,0.0,2025-08-07T13:33:31.480945Z,2026-12-20T19:03:16Z,{v1}
BUILD_1754573610385,2026-04-15T14:10:25Z,2029-01-09T14:26:25Z,0.1,6047,tc160,MULTI_TRANSITION_RATE,UA_UNWEIGHTED_SCORE,Verdicts[ALL],0.1887550200803213,0.9552786404500042,0.0028397862698254883,0.01792970486246417,2025-08-07T13:33:31.481Z,2027-08-28T06:44:20Z,{v1~v2}
BUILD_1754573610385,2026-04-15T14:10:25Z,2029-01-09T14:26:25Z,0.1,6047,tc160,MULTI_TRANSITION_RATE,UA_UNWEIGHTED_SCORE,Verdicts[ALL],0.19009370816599733,0.9634851628329889,0.0020448798281819886,0.004222148458135322,2025-08-07T13:33:31.481053Z,2028-05-03T14:35:22Z,{v1~v2~v3}
BUILD_1754573610385,2026-04-15T14:10:25Z,2029-01-09T14:26:25Z,0.1,6047,tc160,MULTI_TRANSITION_RATE,UA_UNWEIGHTED_SCORE,Verdicts[ALL],0.19076305220883533,0.9683772233983162,0.0016733601070950445,0.0022736194989690134,2025-08-07T13:33:31.481109Z,2029-01-08T18:12:15Z,{v1~v2~v3~v4}
BUILD_1754573610385,2026-04-15T14:10:25Z,2029-01-09T14:26:25Z,0.1,6047,tc191,MULTI_TRANSITION_RATE,UA_UNWEIGHTED_SCORE,Verdicts[ALL],0.0,0.9367544467966324,0.0,0.0,2025-08-07T13:33:31.481212Z,2026-12-21T01:50:35Z,{v1}
BUILD_1754573610385,2026-04-15T14:10:25Z,2029-01-09T14:26:25Z,0.1,6047,tc191,MULTI_TRANSITION_RATE,UA_UNWEIGHTED_SCORE,Verdicts[ALL],0.0,0.9552786404500042,0.0,0.0,2025-08-07T13:33:31.481259Z,2027-08-28T04:06:34Z,{v1~v2}
BUILD_1754573610385,2026-04-15T14:10:25Z,2029-01-09T14:26:25Z,0.1,6047,tc191,MULTI_TRANSITION_RATE,UA_UNWEIGHTED_SCORE,Verdicts[ALL],0.0,0.9634851628329889,0.0,0.0,2025-08-07T13:33:31.481315Z,2028-05-03T16:58:16Z,{v1~v2~v3}
BUILD_1754573610385,2026-04-15T14:10:25Z,2029-01-09T14:26:25Z,0.1,6047,tc191,MULTI_TRANSITION_RATE,UA_UNWEIGHTED_SCORE,Verdicts[ALL],0.0,0.9683772233983162,0.0,0.0,2025-08-07T13:33:31.481449Z,2029-01-09T06:57:23Z,{v1~v2~v3~v4}
BUILD_1754573610385,2026-04-15T14:10:25Z,2029-01-09T14:26:25Z,0.1,6047,tc166,MULTI_TRANSITION_RATE,UA_UNWEIGHTED_SCORE,Verdicts[ALL],0.0,0.9367544467966324,0.0,0.0,2025-08-07T13:33:31.481645Z,2026-12-21T13:25:52Z,{v1}
BUILD_1754573610385,2026-04-15T14:10:25Z,2029-01-09T14:26:25Z,0.1,6047,tc166,MULTI_TRANSITION_RATE,UA_UNWEIGHTED_SCORE,Verdicts[ALL],0.0,0.9552786404500042,0.0,0.0,2025-08-07T13:33:31.481741Z,2027-08-28T14:37:03Z,{v1~v2}
BUILD_1754573610385,2026-04-15T14:10:25Z,2029-01-09T14:26:25Z,0.1,6047,tc166,MULTI_TRANSITION_RATE,UA_UNWEIGHTED_SCORE,Verdicts[ALL],0.0,0.9634851628329889,0.0,0.0,2025-08-07T13:33:31.481908Z,2028-05-04T02:00:55Z,{v1~v2~v3}
BUILD_1754573610385,2026-04-15T14:10:25Z,2029-01-09T14:26:25Z,0.1,6047,tc166,MULTI_TRANSITION_RATE,UA_UNWEIGHTED_SCORE,Verdicts[ALL],0.0,0.9683772233983162,0.0,0.0,2025-08-07T13:33:31.481991Z,2029-01-08T20:29:55Z,{v1~v2~v3~v4}
BUILD_1754573610385,2026-04-15T14:10:25Z,2029-01-09T14:26:25Z,0.1,6047,tc124,MULTI_TRANSITION_RATE,UA_UNWEIGHTED_SCORE,Verdicts[ALL],0.0,0.9367544467966324,0.0,0.0,2025-08-07T13:33:31.482080Z,2026-12-20T17:11:30Z,{v1}
BUILD_1754573610385,2026-04-15T14:10:25Z,2029-01-09T14:26:25Z,0.1,6047,tc124,MULTI_TRANSITION_RATE,UA_UNWEIGHTED_SCORE,Verdicts[ALL],0.0,0.9552786404500042,0.0,0.0,2025-08-07T13:33:31.482128Z,2027-08-27T18:48:57Z,{v1~v2}
BUILD_1754573610385,2026-04-15T14:10:25Z,2029-01-09T14:26:25Z,0.1,6047,tc124,MULTI_TRANSITION_RATE,UA_UNWEIGHTED_SCORE,Verdicts[ALL],0.0,0.9634851628329889,0.0,0.0,2025-08-07T13:33:31.482186Z,2028-05-04T00:24:29Z,{v1~v2~v3}
BUILD_1754573610385,2026-04-15T14:10:25Z,2029-01-09T14:26:25Z,0.1,6047,tc124,MULTI_TRANSITION_RATE,UA_UNWEIGHTED_SCORE,Verdicts[ALL],0.0,0.9683772233983162,0.0,0.0,2025-08-07T13:33:31.482256Z,2029-01-09T11:00:00Z,{v1~v2~v3~v4}
BUILD_1754573610385,2026-04-15T14:10:25Z,2029-01-09T14:26:25Z,0.1,6047,tc126,MULTI_TRANSITION_RATE,UA_UNWEIGHTED_SCORE,Verdicts[ALL],0.0,0.9367544467966324,0.0,0.0,2025-08-07T13:33:31.482383Z,2026-12-21T04:28:49Z,{v1}
BUILD_1754573610385,2026-04-15T14:10:25Z,2029-01-09T14:26:25Z,0.1,6047,tc126,MULTI_TRANSITION_RATE,UA_UNWEIGHTED_SCORE,Verdicts[ALL],0.0,0.9552786404500042,0.0,0.0,2025-08-07T13:33:31.482432Z,2027-08-27T17:12:38Z,{v1~v2}
BUILD_1754573610385,2026-04-15T14:10:25Z,2029-01-09T14:26:25Z,0.1,6047,tc126,MULTI_TRANSITION_RATE,UA_UNWEIGHTED_SCORE,Verdicts[ALL],0.0,0.9634851628329889,0.0,0.0,2025-08-07T13:33:31.482487Z,2028-05-03T18:58:04Z,{v1~v2~v3}
BUILD_1754573610385,2026-04-15T14:10:25Z,2029-01-09T14:26:25Z,0.1,6047,tc126,MULTI_TRANSITION_RATE,UA_UNWEIGHTED_SCORE,Verdicts[ALL],0.0,0.9683772233983162,0.0,0.0,2025-08-07T13:33:31.482554Z,2029-01-09T10:50:09Z,{v1~v2~v3~v4}
BUILD_1754573610385,2026-04-15T14:10:25Z,2029-01-09T14:26:25Z,0.1,6047,tc168,MULTI_TRANSITION_RATE,UA_UNWEIGHTED_SCORE,Verdicts[ALL],0.24899598393574296,0.9367544467966324,0.0,0.0,2025-08-07T13:33:31.482635Z,2026-12-21T13:14:07Z,{v1}
BUILD_1754573610385,2026-04-15T14:10:25Z,2029-01-09T14:26:25Z,0.1,6047,tc168,MULTI_TRANSITION_RATE,UA_UNWEIGHTED_SCORE,Verdicts[ALL],0.25903614457831325,0.9552786404500042,0.00709946567456374,0.044824262156160546,2025-08-07T13:33:31.482687Z,2027-08-28T04:24:55Z,{v1~v2}
BUILD_1754573610385,2026-04-15T14:10:25Z,2029-01-09T14:26:25Z,0.1,6047,tc168,MULTI_TRANSITION_RATE,UA_UNWEIGHTED_SCORE,Verdicts[ALL],0.26907630522088355,0.9634851628329889,0.010040160642570295,0.020730337397942403,2025-08-07T13:33:31.482741Z,2028-05-04T04:09:59Z,{v1~v2~v3}
BUILD_1754573610385,2026-04-15T14:10:25Z,2029-01-09T14:26:25Z,0.1,6047,tc168,MULTI_TRANSITION_RATE,UA_UNWEIGHTED_SCORE,Verdicts[ALL],0.2560240963855422,0.9683772233983162,0.008334946054492828,0.01132481633331622,2025-08-07T13:33:31.482855Z,2029-01-09T01:50:56Z,{v1~v2~v3~v4}
BUILD_1754573610385,2026-04-15T14:10:25Z,2029-01-09T14:26:25Z,0.1,6047,tc192,MULTI_TRANSITION_RATE,UA_UNWEIGHTED_SCORE,Verdicts[ALL],0.0,0.9367544467966324,0.0,0.0,2025-08-07T13:33:31.482923Z,2026-12-20T19:18:13Z,{v1}
BUILD_1754573610385,2026-04-15T14:10:25Z,2029-01-09T14:26:25Z,0.1,6047,tc192,MULTI_TRANSITION_RATE,UA_UNWEIGHTED_SCORE,Verdicts[ALL],0.0,0.9552786404500042,0.0,0.0,2025-08-07T13:33:31.482974Z,2027-08-28T04:53:00Z,{v1~v2}
BUILD_1754573610385,2026-04-15T14:10:25Z,2029-01-09T14:26:25Z,0.1,6047,tc192,MULTI_TRANSITION_RATE,UA_UNWEIGHTED_SCORE,Verdicts[ALL],0.0,0.9634851628329889,0.0,0.0,2025-08-07T13:33:31.483043Z,2028-05-04T05:01:59Z,{v1~v2~v3}
BUILD_1754573610385,2026-04-15T14:10:25Z,2029-01-09T14:26:25Z,0.1,6047,tc192,MULTI_TRANSITION_RATE,UA_UNWEIGHTED_SCORE,Verdicts[ALL],0.0,0.9683772233983162,0.0,0.0,2025-08-07T13:33:31.483137Z,2029-01-08T20:57:35Z,{v1~v2~v3~v4}
BUILD_1754573610385,2026-04-15T14:10:25Z,2029-01-09T14:26:25Z,0.1,6047,tc146,MULTI_TRANSITION_RATE,UA_UNWEIGHTED_SCORE,Verdicts[ALL],0.0,0.9367544467966324,0.0,0.0,2025-08-07T13:33:31.483226Z,2026-12-20T18:45:51Z,{v1}
BUILD_1754573610385,2026-04-15T14:10:25Z,2029-01-09T14:26:25Z,0.1,6047,tc146,MULTI_TRANSITION_RATE,UA_UNWEIGHTED_SCORE,Verdicts[ALL],0.0,0.9552786404500042,0.0,0.0,2025-08-07T13:33:31.483272Z,2027-08-27T15:36:13Z,{v1~v2}
BUILD_1754573610385,2026-04-15T14:10:25Z,2029-01-09T14:26:25Z,0.1,6047,tc146,MULTI_TRANSITION_RATE,UA_UNWEIGHTED_SCORE,Verdicts[ALL],0.0,0.9634851628329889,0.0,0.0,2025-08-07T13:33:31.483349Z,2028-05-03T22:19:11Z,{v1~v2~v3}
BUILD_1754573610385,2026-04-15T14:10:25Z,2029-01-09T14:26:25Z,0.1,6047,tc146,MULTI_TRANSITION_RATE,UA_UNWEIGHTED_SCORE,Verdicts[ALL],0.0,0.9683772233983162,0.0,0.0,2025-08-07T13:33:31.483422Z,2029-01-09T00:03:57Z,{v1~v2~v3~v4}
BUILD_1754573610385,2026-04-15T14:10:25Z,2029-01-09T14:26:25Z,0.1,6047,tc111,MULTI_TRANSITION_RATE,UA_UNWEIGHTED_SCORE,Verdicts[ALL],0.14056224899598393,0.9367544467966324,0.0,0.0,2025-08-07T13:33:31.483559Z,2026-12-20T16:14:19Z,{v1}
BUILD_1754573610385,2026-04-15T14:10:25Z,2029-01-09T14:26:25Z,0.1,6047,tc111,MULTI_TRANSITION_RATE,UA_UNWEIGHTED_SCORE,Verdicts[ALL],0.19477911646586343,0.9552786404500042,0.03833711464264413,0.24205101564326653,2025-08-07T13:33:31.483692Z,2027-08-27T17:48:56Z,{v1~v2}
BUILD_1754573610385,2026-04-15T14:10:25Z,2029-01-09T14:26:25Z,0.1,6047,tc111,MULTI_TRANSITION_RATE,UA_UNWEIGHTED_SCORE,Verdicts[ALL],0.20615796519410975,0.9634851628329889,0.03505173533548151,0.0723727762688359,2025-08-07T13:33:31.483746Z,2028-05-03T17:43:32Z,{v1~v2~v3}
BUILD_1754573610385,2026-04-15T14:10:25Z,2029-01-09T14:26:25Z,0.1,6047,tc111,MULTI_TRANSITION_RATE,UA_UNWEIGHTED_SCORE,Verdicts[ALL],0.2038152610441767,0.9683772233983162,0.03090284318758142,0.041988156970492484,2025-08-07T13:33:31.483802Z,2029-01-08T20:35:09Z,{v1~v2~v3~v4}
BUILD_1754573610385,2026-04-15T14:10:25Z,2029-01-09T14:26:25Z,0.1,6047,tc101,MULTI_TRANSITION_RATE,UA_UNWEIGHTED_SCORE,Verdicts[ALL],0.27309236947791166,0.9367544467966324,0.0,0.0,2025-08-07T13:33:31.483881Z,2026-12-21T04:01:51Z,{v1}
BUILD_1754573610385,2026-04-15T14:10:25Z,2029-01-09T14:26:25Z,0.1,6047,tc101,MULTI_TRANSITION_RATE,UA_UNWEIGHTED_SCORE,Verdicts[ALL],0.26706827309236947,0.9552786404500042,0.004259679404738252,0.02689455729369638,2025-08-07T13:33:31.483927Z,2027-08-27T16:11:12Z,{v1~v2}
BUILD_1754573610385,2026-04-15T14:10:25Z,2029-01-09T14:26:25Z,0.1,6047,tc101,MULTI_TRANSITION_RATE,UA_UNWEIGHTED_SCORE,Verdicts[ALL],0.2918340026773762,0.9634851628329889,0.012915623059711128,0.02666742428375267,2025-08-07T13:33:31.483975Z,2028-05-04T00:26:57Z,{v1~v2~v3}
BUILD_1754573610385,2026-04-15T14:10:25Z,2029-01-09T14:26:25Z,0.1,6047,tc101,MULTI_TRANSITION_RATE,UA_UNWEIGHTED_SCORE,Verdicts[ALL],0.27309236947791166,0.9683772233983162,0.01075646497991179,0.014614970450538957,2025-08-07T13:33:31.484028Z,2029-01-09T10:57:48Z,{v1~v2~v3~v4}
BUILD_1754573610385,2026-04-15T14:10:25Z,2029-01-09T14:26:25Z,0.1,6047,tc115,MULTI_TRANSITION_RATE,UA_UNWEIGHTED_SCORE,Verdicts[ALL],0.0,0.9367544467966324,0.0,0.0,2025-08-07T13:33:31.484129Z,2026-12-21T03:01:07Z,{v1}
BUILD_1754573610385,2026-04-15T14:10:25Z,2029-01-09T14:26:25Z,0.1,6047,tc115,MULTI_TRANSITION_RATE,UA_UNWEIGHTED_SCORE,Verdicts[ALL],0.0,0.9552786404500042,0.0,0.0,2025-08-07T13:33:31.484174Z,2027-08-28T02:11:10Z,{v1~v2}
BUILD_1754573610385,2026-04-15T14:10:25Z,2029-01-09T14:26:25Z,0.1,6047,tc115,MULTI_TRANSITION_RATE,UA_UNWEIGHTED_SCORE,Verdicts[ALL],0.0,0.9634851628329889,0.0,0.0,2025-08-07T13:33:31.484231Z,2028-05-03T15:49:18Z,{v1~v2~v3}
BUILD_1754573610385,2026-04-15T14:10:25Z,2029-01-09T14:26:25Z,0.1,6047,tc115,MULTI_TRANSITION_RATE,UA_UNWEIGHTED_SCORE,Verdicts[ALL],0.0,0.9683772233983162,0.0,0.0,2025-08-07T13:33:31.484283Z,2029-01-09T00:36:40Z,{v1~v2~v3~v4}
BUILD_1754573610385,2026-04-15T14:10:25Z,2029-01-09T14:26:25Z,0.1,6047,tc180,MULTI_TRANSITION_RATE,UA_UNWEIGHTED_SCORE,Verdicts[ALL],0.0,0.9367544467966324,0.0,0.0,2025-08-07T13:33:31.484377Z,2026-12-21T06:21:33Z,{v1}
BUILD_1754573610385,2026-04-15T14:10:25Z,2029-01-09T14:26:25Z,0.1,6047,tc180,MULTI_TRANSITION_RATE,UA_UNWEIGHTED_SCORE,Verdicts[ALL],0.0,0.9552786404500042,0.0,0.0,2025-08-07T13:33:31.484479Z,2027-08-27T22:42:54Z,{v1~v2}
BUILD_1754573610385,2026-04-15T14:10:25Z,2029-01-09T14:26:25Z,0.1,6047,tc180,MULTI_TRANSITION_RATE,UA_UNWEIGHTED_SCORE,Verdicts[ALL],0.0,0.9634851628329889,0.0,0.0,2025-08-07T13:33:31.484547Z,2028-05-04T02:00:00Z,{v1~v2~v3}
BUILD_1754573610385,2026-04-15T14:10:25Z,2029-01-09T14:26:25Z,0.1,6047,tc180,MULTI_TRANSITION_RATE,UA_UNWEIGHTED_SCORE,Verdicts[ALL],0.0,0.9683772233983162,0.0,0.0,2025-08-07T13:33:31.484606Z,2029-01-08T21:06:59Z,{v1~v2~v3~v4}
BUILD_1754573610385,2026-04-15T14:10:25Z,2029-01-09T14:26:25Z,0.1,6047,tc147,MULTI_TRANSITION_RATE,UA_UNWEIGHTED_SCORE,Verdicts[ALL],0.0,0.9367544467966324,0.0,0.0,2025-08-07T13:33:31.485028Z,2026-12-21T07:13:10Z,{v1}
BUILD_1754573610385,2026-04-15T14:10:25Z,2029-01-09T14:26:25Z,0.1,6047,tc147,MULTI_TRANSITION_RATE,UA_UNWEIGHTED_SCORE,Verdicts[ALL],0.0,0.9552786404500042,0.0,0.0,2025-08-07T13:33:31.485092Z,2027-08-27T23:54:03Z,{v1~v2}
BUILD_1754573610385,2026-04-15T14:10:25Z,2029-01-09T14:26:25Z,0.1,6047,tc147,MULTI_TRANSITION_RATE,UA_UNWEIGHTED_SCORE,Verdicts[ALL],0.0,0.9634851628329889,0.0,0.0,2025-08-07T13:33:31.485174Z,2028-05-04T13:45:43Z,{v1~v2~v3}
BUILD_1754573610385,2026-04-15T14:10:25Z,2029-01-09T14:26:25Z,0.1,6047,tc147,MULTI_TRANSITION_RATE,UA_UNWEIGHTED_SCORE,Verdicts[ALL],0.0,0.9683772233983162,0.0,0.0,2025-08-07T13:33:31.485256Z,2029-01-09T14:26:25Z,{v1~v2~v3~v4}
BUILD_1754573610385,2026-04-15T14:10:25Z,2029-01-09T14:26:25Z,0.1,6047,tc129,MULTI_TRANSITION_RATE,UA_UNWEIGHTED_SCORE,Verdicts[ALL],0.0,0.9367544467966324,0.0,0.0,2025-08-07T13:33:31.485355Z,2026-12-20T20:35:52Z,{v1}
BUILD_1754573610385,2026-04-15T14:10:25Z,2029-01-09T14:26:25Z,0.1,6047,tc129,MULTI_TRANSITION_RATE,UA_UNWEIGHTED_SCORE,Verdicts[ALL],0.0,0.9552786404500042,0.0,0.0,2025-08-07T13:33:31.485406Z,2027-08-28T13:04:29Z,{v1~v2}
BUILD_1754573610385,2026-04-15T14:10:25Z,2029-01-09T14:26:25Z,0.1,6047,tc129,MULTI_TRANSITION_RATE,UA_UNWEIGHTED_SCORE,Verdicts[ALL],0.0,0.9634851628329889,0.0,0.0,2025-08-07T13:33:31.485455Z,2028-05-03T15:59:11Z,{v1~v2~v3}
BUILD_1754573610385,2026-04-15T14:10:25Z,2029-01-09T14:26:25Z,0.1,6047,tc129,MULTI_TRANSITION_RATE,UA_UNWEIGHTED_SCORE,Verdicts[ALL],0.0,0.9683772233983162,0.0,0.0,2025-08-07T13:33:31.485504Z,2029-01-09T05:42:32Z,{v1~v2~v3~v4}
BUILD_1754573610385,2026-04-15T14:10:25Z,2029-01-09T14:26:25Z,0.1,6047,tc102,MULTI_TRANSITION_RATE,UA_UNWEIGHTED_SCORE,Verdicts[ALL],0.0,0.9367544467966324,0.0,0.0,2025-08-07T13:33:31.485804Z,2026-12-20T17:45:47Z,{v1}
BUILD_1754573610385,2026-04-15T14:10:25Z,2029-01-09T14:26:25Z,0.1,6047,tc102,MULTI_TRANSITION_RATE,UA_UNWEIGHTED_SCORE,Verdicts[ALL],0.0,0.9552786404500042,0.0,0.0,2025-08-07T13:33:31.485850Z,2027-08-27T14:55:23Z,{v1~v2}
BUILD_1754573610385,2026-04-15T14:10:25Z,2029-01-09T14:26:25Z,0.1,6047,tc102,MULTI_TRANSITION_RATE,UA_UNWEIGHTED_SCORE,Verdicts[ALL],0.0,0.9634851628329889,0.0,0.0,2025-08-07T13:33:31.485897Z,2028-05-03T20:45:04Z,{v1~v2~v3}
BUILD_1754573610385,2026-04-15T14:10:25Z,2029-01-09T14:26:25Z,0.1,6047,tc102,MULTI_TRANSITION_RATE,UA_UNWEIGHTED_SCORE,Verdicts[ALL],0.0,0.9683772233983162,0.0,0.0,2025-08-07T13:33:31.485946Z,2029-01-08T23:32:44Z,{v1~v2~v3~v4}
BUILD_1754573610385,2026-04-15T14:10:25Z,2029-01-09T14:26:25Z,0.1,6047,tc150,MULTI_TRANSITION_RATE,UA_UNWEIGHTED_SCORE,Verdicts[ALL],0.0,0.9367544467966324,0.0,0.0,2025-08-07T13:33:31.486040Z,2026-12-21T07:28:54Z,{v1}
BUILD_1754573610385,2026-04-15T14:10:25Z,2029-01-09T14:26:25Z,0.1,6047,tc150,MULTI_TRANSITION_RATE,UA_UNWEIGHTED_SCORE,Verdicts[ALL],0.0,0.9552786404500042,0.0,0.0,2025-08-07T13:33:31.486089Z,2027-08-27T17:33:48Z,{v1~v2}
BUILD_1754573610385,2026-04-15T14:10:25Z,2029-01-09T14:26:25Z,0.1,6047,tc150,MULTI_TRANSITION_RATE,UA_UNWEIGHTED_SCORE,Verdicts[ALL],0.0,0.9634851628329889,0.0,0.0,2025-08-07T13:33:31.486136Z,2028-05-04T13:41:33Z,{v1~v2~v3}
BUILD_1754573610385,2026-04-15T14:10:25Z,2029-01-09T14:26:25Z,0.1,6047,tc150,MULTI_TRANSITION_RATE,UA_UNWEIGHTED_SCORE,Verdicts[ALL],0.0,0.9683772233983162,0.0,0.0,2025-08-07T13:33:31.486188Z,2029-01-09T12:07:19Z,{v1~v2~v3~v4}
BUILD_1754573610385,2026-04-15T14:10:25Z,2029-01-09T14:26:25Z,0.1,6047,tc186,MULTI_TRANSITION_RATE,UA_UNWEIGHTED_SCORE,Verdicts[ALL],0.0,0.9367544467966324,0.0,0.0,2025-08-07T13:33:31.486279Z,2026-12-20T16:46:25Z,{v1}
BUILD_1754573610385,2026-04-15T14:10:25Z,2029-01-09T14:26:25Z,0.1,6047,tc186,MULTI_TRANSITION_RATE,UA_UNWEIGHTED_SCORE,Verdicts[ALL],0.0,0.9552786404500042,0.0,0.0,2025-08-07T13:33:31.486322Z,2027-08-27T18:33:11Z,{v1~v2}
BUILD_1754573610385,2026-04-15T14:10:25Z,2029-01-09T14:26:25Z,0.1,6047,tc186,MULTI_TRANSITION_RATE,UA_UNWEIGHTED_SCORE,Verdicts[ALL],0.0,0.9634851628329889,0.0,0.0,2025-08-07T13:33:31.486368Z,2028-05-03T20:54:02Z,{v1~v2~v3}
BUILD_1754573610385,2026-04-15T14:10:25Z,2029-01-09T14:26:25Z,0.1,6047,tc186,MULTI_TRANSITION_RATE,UA_UNWEIGHTED_SCORE,Verdicts[ALL],0.0,0.9683772233983162,0.0,0.0,2025-08-07T13:33:31.486419Z,2029-01-09T12:03:29Z,{v1~v2~v3~v4}
BUILD_1754573610385,2026-04-15T14:10:25Z,2029-01-09T14:26:25Z,0.1,6047,tc167,MULTI_TRANSITION_RATE,UA_UNWEIGHTED_SCORE,Verdicts[ALL],0.0,0.9367544467966324,0.0,0.0,2025-08-07T13:33:31.486496Z,2026-12-21T04:19:11Z,{v1}
BUILD_1754573610385,2026-04-15T14:10:25Z,2029-01-09T14:26:25Z,0.1,6047,tc167,MULTI_TRANSITION_RATE,UA_UNWEIGHTED_SCORE,Verdicts[ALL],0.0,0.9552786404500042,0.0,0.0,2025-08-07T13:33:31.486567Z,2027-08-27T19:54:20Z,{v1~v2}
BUILD_1754573610385,2026-04-15T14:10:25Z,2029-01-09T14:26:25Z,0.1,6047,tc167,MULTI_TRANSITION_RATE,UA_UNWEIGHTED_SCORE,Verdicts[ALL],0.0,0.9634851628329889,0.0,0.0,2025-08-07T13:33:31.486612Z,2028-05-04T00:02:10Z,{v1~v2~v3}
BUILD_1754573610385,2026-04-15T14:10:25Z,2029-01-09T14:26:25Z,0.1,6047,tc167,MULTI_TRANSITION_RATE,UA_UNWEIGHTED_SCORE,Verdicts[ALL],0.0,0.9683772233983162,0.0,0.0,2025-08-07T13:33:31.486666Z,2029-01-09T07:46:02Z,{v1~v2~v3~v4}
BUILD_1754573610385,2026-04-15T14:10:25Z,2029-01-09T14:26:25Z,0.1,6047,tc185,MULTI_TRANSITION_RATE,UA_UNWEIGHTED_SCORE,Verdicts[ALL],0.26506024096385544,0.9367544467966324,0.0,0.0,2025-08-07T13:33:31.486750Z,2026-12-21T12:51:55Z,{v1}
BUILD_1754573610385,2026-04-15T14:10:25Z,2029-01-09T14:26:25Z,0.1,6047,tc185,MULTI_TRANSITION_RATE,UA_UNWEIGHTED_SCORE,Verdicts[ALL],0.22289156626506024,0.9552786404500042,0.029817755833167682,0.18826190105587415,2025-08-07T13:33:31.486796Z,2027-08-28T05:22:54Z,{v1~v2}
BUILD_1754573610385,2026-04-15T14:10:25Z,2029-01-09T14:26:25Z,0.1,6047,tc185,MULTI_TRANSITION_RATE,UA_UNWEIGHTED_SCORE,Verdicts[ALL],0.23025435073627842,0.9634851628329889,0.022523534786072708,0.046505279360754076,2025-08-07T13:33:31.486937Z,2028-05-04T08:33:48Z,{v1~v2~v3}
BUILD_1754573610385,2026-04-15T14:10:25Z,2029-01-09T14:26:25Z,0.1,6047,tc185,MULTI_TRANSITION_RATE,UA_UNWEIGHTED_SCORE,Verdicts[ALL],0.2299196787148594,0.9683772233983162,0.018991715739371452,0.025804329289809635,2025-08-07T13:33:31.486988Z,2029-01-09T05:16:06Z,{v1~v2~v3~v4}
BUILD_1754573610385,2026-04-15T14:10:25Z,2029-01-09T14:26:25Z,0.1,6047,tc178,MULTI_TRANSITION_RATE,UA_UNWEIGHTED_SCORE,Verdicts[ALL],0.09236947791164658,0.9367544467966324,0.0,0.0,2025-08-07T13:33:31.487094Z,2026-12-21T05:27:00Z,{v1}
BUILD_1754573610385,2026-04-15T14:10:25Z,2029-01-09T14:26:25Z,0.1,6047,tc178,MULTI_TRANSITION_RATE,UA_UNWEIGHTED_SCORE,Verdicts[ALL],0.08634538152610441,0.9552786404500042,0.004259679404738243,0.02689455729369632,2025-08-07T13:33:31.487140Z,2027-08-27T23:56:37Z,{v1~v2}
BUILD_1754573610385,2026-04-15T14:10:25Z,2029-01-09T14:26:25Z,0.1,6047,tc178,MULTI_TRANSITION_RATE,UA_UNWEIGHTED_SCORE,Verdicts[ALL],0.08835341365461846,0.9634851628329889,0.0030673197422729885,0.006333222687202994,2025-08-07T13:33:31.487630Z,2028-05-04T04:48:28Z,{v1~v2~v3}
BUILD_1754573610385,2026-04-15T14:10:25Z,2029-01-09T14:26:25Z,0.1,6047,tc178,MULTI_TRANSITION_RATE,UA_UNWEIGHTED_SCORE,Verdicts[ALL],0.09738955823293172,0.9683772233983162,0.004875770510151763,0.006624782590056984,2025-08-07T13:33:31.487768Z,2029-01-08T17:41:25Z,{v1~v2~v3~v4}
BUILD_1754573610385,2026-04-15T14:10:25Z,2029-01-09T14:26:25Z,0.1,6047,tc144,MULTI_TRANSITION_RATE,UA_UNWEIGHTED_SCORE,Verdicts[ALL],0.12048192771084337,0.9367544467966324,0.0,0.0,2025-08-07T13:33:31.487890Z,2026-12-21T07:37:32Z,{v1}
BUILD_1754573610385,2026-04-15T14:10:25Z,2029-01-09T14:26:25Z,0.1,6047,tc144,MULTI_TRANSITION_RATE,UA_UNWEIGHTED_SCORE,Verdicts[ALL],0.13453815261044177,0.9552786404500042,0.009939251944389228,0.06275396701862472,2025-08-07T13:33:31.487936Z,2027-08-28T08:32:53Z,{v1~v2}
BUILD_1754573610385,2026-04-15T14:10:25Z,2029-01-09T14:26:25Z,0.1,6047,tc144,MULTI_TRANSITION_RATE,UA_UNWEIGHTED_SCORE,Verdicts[ALL],0.13386880856760375,0.9634851628329889,0.007929208230217253,0.01637176612633014,2025-08-07T13:33:31.488081Z,2028-05-04T12:42:29Z,{v1~v2~v3}
BUILD_1754573610385,2026-04-15T14:10:25Z,2029-01-09T14:26:25Z,0.1,6047,tc144,MULTI_TRANSITION_RATE,UA_UNWEIGHTED_SCORE,Verdicts[ALL],0.13453815261044177,0.9683772233983162,0.006923748616324367,0.009407401188356814,2025-08-07T13:33:31.488211Z,2029-01-09T00:14:49Z,{v1~v2~v3~v4}
BUILD_1754573610385,2026-04-15T14:10:25Z,2029-01-09T14:26:25Z,0.1,6047,tc136,MULTI_TRANSITION_RATE,UA_UNWEIGHTED_SCORE,Verdicts[ALL],0.18072289156626506,0.9367544467966324,0.0,0.0,2025-08-07T13:33:31.488924Z,2026-12-21T04:49:43Z,{v1}
BUILD_1754573610385,2026-04-15T14:10:25Z,2029-01-09T14:26:25Z,0.1,6047,tc136,MULTI_TRANSITION_RATE,UA_UNWEIGHTED_SCORE,Verdicts[ALL],0.1746987951807229,0.9552786404500042,0.004259679404738232,0.026894557293696254,2025-08-07T13:33:31.488970Z,2027-08-27T15:52:59Z,{v1~v2}
BUILD_1754573610385,2026-04-15T14:10:25Z,2029-01-09T14:26:25Z,0.1,6047,tc136,MULTI_TRANSITION_RATE,UA_UNWEIGHTED_SCORE,Verdicts[ALL],0.17804551539491298,0.9634851628329889,0.003018239459720808,0.0062318845858404465,2025-08-07T13:33:31.489015Z,2028-05-03T23:25:00Z,{v1~v2~v3}
BUILD_1754573610385,2026-04-15T14:10:25Z,2029-01-09T14:26:25Z,0.1,6047,tc136,MULTI_TRANSITION_RATE,UA_UNWEIGHTED_SCORE,Verdicts[ALL],0.1927710843373494,0.9683772233983162,0.007870131202345951,0.010693265415632302,2025-08-07T13:33:31.489132Z,2029-01-09T10:47:05Z,{v1~v2~v3~v4}
BUILD_1754573610385,2026-04-15T14:10:25Z,2029-01-09T14:26:25Z,0.1,6047,tc161,MULTI_TRANSITION_RATE,UA_UNWEIGHTED_SCORE,Verdicts[ALL],0.0,0.9367544467966324,0.0,0.0,2025-08-07T13:33:31.489232Z,2026-12-21T08:31:19Z,{v1}
BUILD_1754573610385,2026-04-15T14:10:25Z,2029-01-09T14:26:25Z,0.1,6047,tc161,MULTI_TRANSITION_RATE,UA_UNWEIGHTED_SCORE,Verdicts[ALL],0.0,0.9552786404500042,0.0,0.0,2025-08-07T13:33:31.489278Z,2027-08-28T04:25:09Z,{v1~v2}
BUILD_1754573610385,2026-04-15T14:10:25Z,2029-01-09T14:26:25Z,0.1,6047,tc161,MULTI_TRANSITION_RATE,UA_UNWEIGHTED_SCORE,Verdicts[ALL],0.0,0.9634851628329889,0.0,0.0,2025-08-07T13:33:31.489324Z,2028-05-03T14:33:42Z,{v1~v2~v3}
BUILD_1754573610385,2026-04-15T14:10:25Z,2029-01-09T14:26:25Z,0.1,6047,tc161,MULTI_TRANSITION_RATE,UA_UNWEIGHTED_SCORE,Verdicts[ALL],0.0,0.9683772233983162,0.0,0.0,2025-08-07T13:33:31.489373Z,2029-01-08T14:26:24Z,{v1~v2~v3~v4}
BUILD_1754573610385,2026-04-15T14:10:25Z,2029-01-09T14:26:25Z,0.1,6047,tc176,MULTI_TRANSITION_RATE,UA_UNWEIGHTED_SCORE,Verdicts[ALL],0.1285140562248996,0.9367544467966324,0.0,0.0,2025-08-07T13:33:31.489541Z,2026-12-20T19:25:18Z,{v1}
BUILD_1754573610385,2026-04-15T14:10:25Z,2029-01-09T14:26:25Z,0.1,6047,tc176,MULTI_TRANSITION_RATE,UA_UNWEIGHTED_SCORE,Verdicts[ALL],0.12048192771084337,0.9552786404500042,0.005679572539650977,0.03585940972492834,2025-08-07T13:33:31.489600Z,2027-08-28T07:45:04Z,{v1~v2}
BUILD_1754573610385,2026-04-15T14:10:25Z,2029-01-09T14:26:25Z,0.1,6047,tc176,MULTI_TRANSITION_RATE,UA_UNWEIGHTED_SCORE,Verdicts[ALL],0.10843373493975904,0.9634851628329889,0.01010687340732362,0.020868082018902164,2025-08-07T13:33:31.489646Z,2028-05-03T17:39:11Z,{v1~v2~v3}
BUILD_1754573610385,2026-04-15T14:10:25Z,2029-01-09T14:26:25Z,0.1,6047,tc176,MULTI_TRANSITION_RATE,UA_UNWEIGHTED_SCORE,Verdicts[ALL],0.10441767068273092,0.9683772233983162,0.011059378609008234,0.015026543745908564,2025-08-07T13:33:31.489717Z,2029-01-09T00:03:41Z,{v1~v2~v3~v4}
BUILD_1754573610385,2026-04-15T14:10:25Z,2029-01-09T14:26:25Z,0.1,6047,tc169,MULTI_TRANSITION_RATE,UA_UNWEIGHTED_SCORE,Verdicts[ALL],0.14457831325301204,0.9367544467966324,0.0,0.0,2025-08-07T13:33:31.489818Z,2026-12-20T21:18:05Z,{v1}
BUILD_1754573610385,2026-04-15T14:10:25Z,2029-01-09T14:26:25Z,0.1,6047,tc169,MULTI_TRANSITION_RATE,UA_UNWEIGHTED_SCORE,Verdicts[ALL],0.1686746987951807,0.9552786404500042,0.01703871761895295,0.10757822917478514,2025-08-07T13:33:31.489864Z,2027-08-27T21:43:12Z,{v1~v2}
BUILD_1754573610385,2026-04-15T14:10:25Z,2029-01-09T14:26:25Z,0.1,6047,tc169,MULTI_TRANSITION_RATE,UA_UNWEIGHTED_SCORE,Verdicts[ALL],0.18473895582329317,0.9634851628329889,0.020213746814647254,0.041736164037804356,2025-08-07T13:33:31.489905Z,2028-05-04T11:41:57Z,{v1~v2~v3}
BUILD_1754573610385,2026-04-15T14:10:25Z,2029-01-09T14:26:25Z,0.1,6047,tc169,MULTI_TRANSITION_RATE,UA_UNWEIGHTED_SCORE,Verdicts[ALL],0.18775100401606426,0.9683772233983162,0.019766201044202514,0.026856634100509206,2025-08-07T13:33:31.489957Z,2029-01-08T16:57:55Z,{v1~v2~v3~v4}
BUILD_1754573610385,2026-04-15T14:10:25Z,2029-01-09T14:26:25Z,0.1,6047,tc114,MULTI_TRANSITION_RATE,UA_UNWEIGHTED_SCORE,Verdicts[ALL],0.13654618473895583,0.9367544467966324,0.0,0.0,2025-08-07T13:33:31.490053Z,2026-12-21T01:55:08Z,{v1}
BUILD_1754573610385,2026-04-15T14:10:25Z,2029-01-09T14:26:25Z,0.1,6047,tc114,MULTI_TRANSITION_RATE,UA_UNWEIGHTED_SCORE,Verdicts[ALL],0.13654618473895583,0.9552786404500042,0.0,0.0,2025-08-07T13:33:31.490121Z,2027-08-28T09:38:54Z,{v1~v2}
BUILD_1754573610385,2026-04-15T14:10:25Z,2029-01-09T14:26:25Z,0.1,6047,tc114,MULTI_TRANSITION_RATE,UA_UNWEIGHTED_SCORE,Verdicts[ALL],0.14056224899598393,0.9634851628329889,0.0023186757798780116,0.004787466350837511,2025-08-07T13:33:31.490178Z,2028-05-04T01:09:28Z,{v1~v2~v3}
BUILD_1754573610385,2026-04-15T14:10:25Z,2029-01-09T14:26:25Z,0.1,6047,tc114,MULTI_TRANSITION_RATE,UA_UNWEIGHTED_SCORE,Verdicts[ALL],0.13353413654618473,0.9683772233983162,0.0028838165896275256,0.003918284893865378,2025-08-07T13:33:31.490227Z,2029-01-09T08:08:33Z,{v1~v2~v3~v4}
BUILD_1754573610385,2026-04-15T14:10:25Z,2029-01-09T14:26:25Z,0.1,6047,tc164,MULTI_TRANSITION_RATE,UA_UNWEIGHTED_SCORE,Verdicts[ALL],0.0,0.9367544467966324,0.0,0.0,2025-08-07T13:33:31.490317Z,2026-12-20T19:23:17Z,{v1}
BUILD_1754573610385,2026-04-15T14:10:25Z,2029-01-09T14:26:25Z,0.1,6047,tc164,MULTI_TRANSITION_RATE,UA_UNWEIGHTED_SCORE,Verdicts[ALL],0.0,0.9552786404500042,0.0,0.0,2025-08-07T13:33:31.490450Z,2027-08-27T22:35:37Z,{v1~v2}
BUILD_1754573610385,2026-04-15T14:10:25Z,2029-01-09T14:26:25Z,0.1,6047,tc164,MULTI_TRANSITION_RATE,UA_UNWEIGHTED_SCORE,Verdicts[ALL],0.0,0.9634851628329889,0.0,0.0,2025-08-07T13:33:31.490504Z,2028-05-03T15:47:04Z,{v1~v2~v3}
BUILD_1754573610385,2026-04-15T14:10:25Z,2029-01-09T14:26:25Z,0.1,6047,tc164,MULTI_TRANSITION_RATE,UA_UNWEIGHTED_SCORE,Verdicts[ALL],0.0,0.9683772233983162,0.0,0.0,2025-08-07T13:33:31.490556Z,2029-01-08T21:26:10Z,{v1~v2~v3~v4}
BUILD_1754573610385,2026-04-15T14:10:25Z,2029-01-09T14:26:25Z,0.1,6047,tc113,MULTI_TRANSITION_RATE,UA_UNWEIGHTED_SCORE,Verdicts[ALL],0.21686746987951808,0.9367544467966324,0.0,0.0,2025-08-07T13:33:31.490648Z,2026-12-21T04:03:16Z,{v1}
BUILD_1754573610385,2026-04-15T14:10:25Z,2029-01-09T14:26:25Z,0.1,6047,tc113,MULTI_TRANSITION_RATE,UA_UNWEIGHTED_SCORE,Verdicts[ALL],0.2891566265060241,0.9552786404500042,0.05111615285685884,0.32273468752435536,2025-08-07T13:33:31.490687Z,2027-08-28T05:58:52Z,{v1~v2}
BUILD_1754573610385,2026-04-15T14:10:25Z,2029-01-09T14:26:25Z,0.1,6047,tc113,MULTI_TRANSITION_RATE,UA_UNWEIGHTED_SCORE,Verdicts[ALL],0.2838018741633199,0.9634851628329889,0.04027946129905133,0.08316667956449494,2025-08-07T13:33:31.490728Z,2028-05-04T12:09:24Z,{v1~v2~v3}
BUILD_1754573610385,2026-04-15T14:10:25Z,2029-01-09T14:26:25Z,0.1,6047,tc113,MULTI_TRANSITION_RATE,UA_UNWEIGHTED_SCORE,Verdicts[ALL],0.2720883534136546,0.9683772233983162,0.03318193347321433,0.04508479115661602,2025-08-07T13:33:31.490782Z,2029-01-09T04:27:59Z,{v1~v2~v3~v4}
BUILD_1754573610385,2026-04-15T14:10:25Z,2029-01-09T14:26:25Z,0.1,6047,tc138,MULTI_TRANSITION_RATE,UA_UNWEIGHTED_SCORE,Verdicts[ALL],0.0,0.9367544467966324,0.0,0.0,2025-08-07T13:33:31.490868Z,2026-12-21T11:36:37Z,{v1}
BUILD_1754573610385,2026-04-15T14:10:25Z,2029-01-09T14:26:25Z,0.1,6047,tc138,MULTI_TRANSITION_RATE,UA_UNWEIGHTED_SCORE,Verdicts[ALL],0.0,0.9552786404500042,0.0,0.0,2025-08-07T13:33:31.490908Z,2027-08-27T18:17:16Z,{v1~v2}
BUILD_1754573610385,2026-04-15T14:10:25Z,2029-01-09T14:26:25Z,0.1,6047,tc138,MULTI_TRANSITION_RATE,UA_UNWEIGHTED_SCORE,Verdicts[ALL],0.0,0.9634851628329889,0.0,0.0,2025-08-07T13:33:31.490948Z,2028-05-03T23:43:40Z,{v1~v2~v3}
BUILD_1754573610385,2026-04-15T14:10:25Z,2029-01-09T14:26:25Z,0.1,6047,tc138,MULTI_TRANSITION_RATE,UA_UNWEIGHTED_SCORE,Verdicts[ALL],0.0,0.9683772233983162,0.0,0.0,2025-08-07T13:33:31.491048Z,2029-01-09T08:28:34Z,{v1~v2~v3~v4}
BUILD_1754573610385,2026-04-15T14:10:25Z,2029-01-09T14:26:25Z,0.1,6047,tc151,MULTI_TRANSITION_RATE,UA_UNWEIGHTED_SCORE,Verdicts[ALL],0.0,0.9367544467966324,0.0,0.0,2025-08-07T13:33:31.491144Z,2026-12-21T01:52:00Z,{v1}
BUILD_1754573610385,2026-04-15T14:10:25Z,2029-01-09T14:26:25Z,0.1,6047,tc151,MULTI_TRANSITION_RATE,UA_UNWEIGHTED_SCORE,Verdicts[ALL],0.0,0.9552786404500042,0.0,0.0,2025-08-07T13:33:31.491221Z,2027-08-27T20:36:46Z,{v1~v2}
BUILD_1754573610385,2026-04-15T14:10:25Z,2029-01-09T14:26:25Z,0.1,6047,tc151,MULTI_TRANSITION_RATE,UA_UNWEIGHTED_SCORE,Verdicts[ALL],0.0,0.9634851628329889,0.0,0.0,2025-08-07T13:33:31.491262Z,2028-05-04T10:17:06Z,{v1~v2~v3}
BUILD_1754573610385,2026-04-15T14:10:25Z,2029-01-09T14:26:25Z,0.1,6047,tc151,MULTI_TRANSITION_RATE,UA_UNWEIGHTED_SCORE,Verdicts[ALL],0.0,0.9683772233983162,0.0,0.0,2025-08-07T13:33:31.491305Z,2029-01-08T20:46:46Z,{v1~v2~v3~v4}
BUILD_1754573610385,2026-04-15T14:10:25Z,2029-01-09T14:26:25Z,0.1,6047,tc198,MULTI_TRANSITION_RATE,UA_UNWEIGHTED_SCORE,Verdicts[ALL],0.285140562248996,0.9367544467966324,0.0,0.0,2025-08-07T13:33:31.491381Z,2026-12-21T10:17:40Z,{v1}
BUILD_1754573610385,2026-04-15T14:10:25Z,2029-01-09T14:26:25Z,0.1,6047,tc198,MULTI_TRANSITION_RATE,UA_UNWEIGHTED_SCORE,Verdicts[ALL],0.2931726907630522,0.9552786404500042,0.005679572539650977,0.03585940972492834,2025-08-07T13:33:31.491417Z,2027-08-28T01:08:11Z,{v1~v2}
BUILD_1754573610385,2026-04-15T14:10:25Z,2029-01-09T14:26:25Z,0.1,6047,tc198,MULTI_TRANSITION_RATE,UA_UNWEIGHTED_SCORE,Verdicts[ALL],0.30655957161981257,0.9634851628329889,0.010820486972764064,0.022341509637241738,2025-08-07T13:33:31.491458Z,2028-05-03T22:05:22Z,{v1~v2~v3}
BUILD_1754573610385,2026-04-15T14:10:25Z,2029-01-09T14:26:25Z,0.1,6047,tc198,MULTI_TRANSITION_RATE,UA_UNWEIGHTED_SCORE,Verdicts[ALL],0.31224899598393574,0.9683772233983162,0.012361363800175761,0.01679557057130978,2025-08-07T13:33:31.491504Z,2029-01-09T02:47:02Z,{v1~v2~v3~v4}
BUILD_1754573610385,2026-04-15T14:10:25Z,2029-01-09T14:26:25Z,0.1,6047,tc155,MULTI_TRANSITION_RATE,UA_UNWEIGHTED_SCORE,Verdicts[ALL],0.15261044176706828,0.9367544467966324,0.0,0.0,2025-08-07T13:33:31.491577Z,2026-12-20T19:34:34Z,{v1}
BUILD_1754573610385,2026-04-15T14:10:25Z,2029-01-09T14:26:25Z,0.1,6047,tc155,MULTI_TRANSITION_RATE,UA_UNWEIGHTED_SCORE,Verdicts[ALL],0.1566265060240964,0.9552786404500042,0.0028397862698254883,0.01792970486246417,2025-08-07T13:33:31.491614Z,2027-08-28T07:55:22Z,{v1~v2}
BUILD_1754573610385,2026-04-15T14:10:25Z,2029-01-09T14:26:25Z,0.1,6047,tc155,MULTI_TRANSITION_RATE,UA_UNWEIGHTED_SCORE,Verdicts[ALL],0.15261044176706828,0.9634851628329889,0.0023186757798780116,0.004787466350837511,2025-08-07T13:33:31.491666Z,2028-05-03T16:17:59Z,{v1~v2~v3}
BUILD_1754573610385,2026-04-15T14:10:25Z,2029-01-09T14:26:25Z,0.1,6047,tc155,MULTI_TRANSITION_RATE,UA_UNWEIGHTED_SCORE,Verdicts[ALL],0.17269076305220885,0.9683772233983162,0.009560145151998461,0.012989512740501351,2025-08-07T13:33:31.491708Z,2029-01-08T22:14:15Z,{v1~v2~v3~v4}
BUILD_1754573610385,2026-04-15T14:10:25Z,2029-01-09T14:26:25Z,0.1,6047,tc183,MULTI_TRANSITION_RATE,UA_UNWEIGHTED_SCORE,Verdicts[ALL],0.3373493975903614,0.9367544467966324,0.0,0.0,2025-08-07T13:33:31.491775Z,2026-12-21T10:40:44Z,{v1}
BUILD_1754573610385,2026-04-15T14:10:25Z,2029-01-09T14:26:25Z,0.1,6047,tc183,MULTI_TRANSITION_RATE,UA_UNWEIGHTED_SCORE,Verdicts[ALL],0.3112449799196787,0.9552786404500042,0.018458610753865692,0.11654308160601723,2025-08-07T13:33:31.491835Z,2027-08-28T07:44:30Z,{v1~v2}
BUILD_1754573610385,2026-04-15T14:10:25Z,2029-01-09T14:26:25Z,0.1,6047,tc183,MULTI_TRANSITION_RATE,UA_UNWEIGHTED_SCORE,Verdicts[ALL],0.3119143239625167,0.9634851628329889,0.014881933195584368,0.030727346629299025,2025-08-07T13:33:31.491891Z,2028-05-04T00:09:41Z,{v1~v2~v3}
BUILD_1754573610385,2026-04-15T14:10:25Z,2029-01-09T14:26:25Z,0.1,6047,tc183,MULTI_TRANSITION_RATE,UA_UNWEIGHTED_SCORE,Verdicts[ALL],0.3072289156626506,0.9683772233983162,0.013766374699600485,0.018704579973202136,2025-08-07T13:33:31.491943Z,2029-01-09T00:00:16Z,{v1~v2~v3~v4}
BUILD_1754573610385,2026-04-15T14:10:25Z,2029-01-09T14:26:25Z,0.1,6047,tc197,MULTI_TRANSITION_RATE,UA_UNWEIGHTED_SCORE,Verdicts[ALL],0.19678714859437751,0.9367544467966324,0.0,0.0,2025-08-07T13:33:31.492013Z,2026-12-20T22:42:38Z,{v1}
BUILD_1754573610385,2026-04-15T14:10:25Z,2029-01-09T14:26:25Z,0.1,6047,tc197,MULTI_TRANSITION_RATE,UA_UNWEIGHTED_SCORE,Verdicts[ALL],0.21084337349397592,0.9552786404500042,0.009939251944389228,0.06275396701862472,2025-08-07T13:33:31.492045Z,2027-08-27T20:31:51Z,{v1~v2}
BUILD_1754573610385,2026-04-15T14:10:25Z,2029-01-09T14:26:25Z,0.1,6047,tc197,MULTI_TRANSITION_RATE,UA_UNWEIGHTED_SCORE,Verdicts[ALL],0.20214190093708165,0.9634851628329889,0.0070942048619297895,0.014647699931649601,2025-08-07T13:33:31.492085Z,2028-05-04T09:37:28Z,{v1~v2~v3}
BUILD_1754573610385,2026-04-15T14:10:25Z,2029-01-09T14:26:25Z,0.1,6047,tc197,MULTI_TRANSITION_RATE,UA_UNWEIGHTED_SCORE,Verdicts[ALL],0.19979919678714858,0.9683772233983162,0.00604497719818891,0.008213401269906538,2025-08-07T13:33:31.492128Z,2029-01-09T06:21:12Z,{v1~v2~v3~v4}
BUILD_1754573610385,2026-04-15T14:10:25Z,2029-01-09T14:26:25Z,0.1,6047,tc196,MULTI_TRANSITION_RATE,UA_UNWEIGHTED_SCORE,Verdicts[ALL],0.10843373493975904,0.9367544467966324,0.0,0.0,2025-08-07T13:33:31.492192Z,2026-12-21T04:09:26Z,{v1}
BUILD_1754573610385,2026-04-15T14:10:25Z,2029-01-09T14:26:25Z,0.1,6047,tc196,MULTI_TRANSITION_RATE,UA_UNWEIGHTED_SCORE,Verdicts[ALL],0.11847389558232932,0.9552786404500042,0.0070994656745637305,0.044824262156160484,2025-08-07T13:33:31.492229Z,2027-08-27T21:55:45Z,{v1~v2}
BUILD_1754573610385,2026-04-15T14:10:25Z,2029-01-09T14:26:25Z,0.1,6047,tc196,MULTI_TRANSITION_RATE,UA_UNWEIGHTED_SCORE,Verdicts[ALL],0.10575635876840696,0.9634851628329889,0.006704586881444321,0.013843239477349441,2025-08-07T13:33:31.492284Z,2028-05-04T08:40:31Z,{v1~v2~v3}
BUILD_1754573610385,2026-04-15T14:10:25Z,2029-01-09T14:26:25Z,0.1,6047,tc196,MULTI_TRANSITION_RATE,UA_UNWEIGHTED_SCORE,Verdicts[ALL],0.10642570281124498,0.9683772233983162,0.005911486523646485,0.008032025486365797,2025-08-07T13:33:31.492324Z,2029-01-08T22:34:00Z,{v1~v2~v3~v4}
BUILD_1754573610385,2026-04-15T14:10:25Z,2029-01-09T14:26:25Z,0.1,6047,tc119,MULTI_TRANSITION_RATE,UA_UNWEIGHTED_SCORE,Verdicts[ALL],0.3172690763052209,0.9367544467966324,0.0,0.0,2025-08-07T13:33:31.492394Z,2026-12-20T23:31:27Z,{v1}
BUILD_1754573610385,2026-04-15T14:10:25Z,2029-01-09T14:26:25Z,0.1,6047,tc119,MULTI_TRANSITION_RATE,UA_UNWEIGHTED_SCORE,Verdicts[ALL],0.3112449799196787,0.9552786404500042,0.004259679404738252,0.02689455729369638,2025-08-07T13:33:31.492433Z,2027-08-27T17:35:13Z,{v1~v2}
BUILD_1754573610385,2026-04-15T14:10:25Z,2029-01-09T14:26:25Z,0.1,6047,tc119,MULTI_TRANSITION_RATE,UA_UNWEIGHTED_SCORE,Verdicts[ALL],0.3186077643908969,0.9634851628329889,0.003921998177431265,0.008097912811029612,2025-08-07T13:33:31.492469Z,2028-05-04T02:22:39Z,{v1~v2~v3}
BUILD_1754573610385,2026-04-15T14:10:25Z,2029-01-09T14:26:25Z,0.1,6047,tc119,MULTI_TRANSITION_RATE,UA_UNWEIGHTED_SCORE,Verdicts[ALL],0.3132530120481927,0.9683772233983162,0.0034293677262247683,0.004659533413292252,2025-08-07T13:33:31.492513Z,2029-01-09T02:26:31Z,{v1~v2~v3~v4}
BUILD_1754573610385,2026-04-15T14:10:25Z,2029-01-09T14:26:25Z,0.1,6047,tc153,MULTI_TRANSITION_RATE,UA_UNWEIGHTED_SCORE,Verdicts[ALL],0.22088353413654618,0.9367544467966324,0.0,0.0,2025-08-07T13:33:31.492566Z,2026-12-21T13:04:26Z,{v1}
BUILD_1754573610385,2026-04-15T14:10:25Z,2029-01-09T14:26:25Z,0.1,6047,tc153,MULTI_TRANSITION_RATE,UA_UNWEIGHTED_SCORE,Verdicts[ALL],0.23895582329317266,0.9552786404500042,0.012779038214214696,0.08068367188108876,2025-08-07T13:33:31.492598Z,2027-08-28T01:01:26Z,{v1~v2}
BUILD_1754573610385,2026-04-15T14:10:25Z,2029-01-09T14:26:25Z,0.1,6047,tc153,MULTI_TRANSITION_RATE,UA_UNWEIGHTED_SCORE,Verdicts[ALL],0.24230254350736277,0.9634851628329889,0.011522312658344797,0.023790598329602165,2025-08-07T13:33:31.492630Z,2028-05-04T06:43:19Z,{v1~v2~v3}
BUILD_1754573610385,2026-04-15T14:10:25Z,2029-01-09T14:26:25Z,0.1,6047,tc153,MULTI_TRANSITION_RATE,UA_UNWEIGHTED_SCORE,Verdicts[ALL],0.24096385542168675,0.9683772233983162,0.010023413073542122,0.013618961820351255,2025-08-07T13:33:31.492669Z,2029-01-08T20:16:53Z,{v1~v2~v3~v4}
BUILD_1754573610385,2026-04-15T14:10:25Z,2029-01-09T14:26:25Z,0.1,6047,tc109,MULTI_TRANSITION_RATE,UA_UNWEIGHTED_SCORE,Verdicts[ALL],0.1686746987951807,0.9367544467966324,0.0,0.0,2025-08-07T13:33:31.492752Z,2026-12-21T07:53:45Z,{v1}
BUILD_1754573610385,2026-04-15T14:10:25Z,2029-01-09T14:26:25Z,0.1,6047,tc109,MULTI_TRANSITION_RATE,UA_UNWEIGHTED_SCORE,Verdicts[ALL],0.14457831325301204,0.9552786404500042,0.01703871761895295,0.10757822917478514,2025-08-07T13:33:31.492787Z,2027-08-27T22:54:06Z,{v1~v2}
BUILD_1754573610385,2026-04-15T14:10:25Z,2029-01-09T14:26:25Z,0.1,6047,tc109,MULTI_TRANSITION_RATE,UA_UNWEIGHTED_SCORE,Verdicts[ALL],0.15127175368139223,0.9634851628329889,0.012438518397828068,0.02568232643850195,2025-08-07T13:33:31.492830Z,2028-05-04T09:25:14Z,{v1~v2~v3}
BUILD_1754573610385,2026-04-15T14:10:25Z,2029-01-09T14:26:25Z,0.1,6047,tc109,MULTI_TRANSITION_RATE,UA_UNWEIGHTED_SCORE,Verdicts[ALL],0.14859437751004015,0.9683772233983162,0.010625507273351768,0.014437036248622302,2025-08-07T13:33:31.492866Z,2029-01-09T08:17:17Z,{v1~v2~v3~v4}
BUILD_1754573610385,2026-04-15T14:10:25Z,2029-01-09T14:26:25Z,0.1,6047,tc137,MULTI_TRANSITION_RATE,UA_UNWEIGHTED_SCORE,Verdicts[ALL],0.0,0.9367544467966324,0.0,0.0,2025-08-07T13:33:31.492937Z,2026-12-20T13:56:45Z,{v1}
BUILD_1754573610385,2026-04-15T14:10:25Z,2029-01-09T14:26:25Z,0.1,6047,tc137,MULTI_TRANSITION_RATE,UA_UNWEIGHTED_SCORE,Verdicts[ALL],0.0,0.9552786404500042,0.0,0.0,2025-08-07T13:33:31.492972Z,2027-08-27T20:47:13Z,{v1~v2}
BUILD_1754573610385,2026-04-15T14:10:25Z,2029-01-09T14:26:25Z,0.1,6047,tc137,MULTI_TRANSITION_RATE,UA_UNWEIGHTED_SCORE,Verdicts[ALL],0.0,0.9634851628329889,0.0,0.0,2025-08-07T13:33:31.493020Z,2028-05-03T19:01:44Z,{v1~v2~v3}
BUILD_1754573610385,2026-04-15T14:10:25Z,2029-01-09T14:26:25Z,0.1,6047,tc137,MULTI_TRANSITION_RATE,UA_UNWEIGHTED_SCORE,Verdicts[ALL],0.0,0.9683772233983162,0.0,0.0,2025-08-07T13:33:31.493059Z,2029-01-09T08:16:27Z,{v1~v2~v3~v4}
BUILD_1754573610385,2026-04-15T14:10:25Z,2029-01-09T14:26:25Z,0.1,6047,tc181,MULTI_TRANSITION_RATE,UA_UNWEIGHTED_SCORE,Verdicts[ALL],0.27710843373493976,0.9367544467966324,0.0,0.0,2025-08-07T13:33:31.493185Z,2026-12-20T22:20:46Z,{v1}
BUILD_1754573610385,2026-04-15T14:10:25Z,2029-01-09T14:26:25Z,0.1,6047,tc181,MULTI_TRANSITION_RATE,UA_UNWEIGHTED_SCORE,Verdicts[ALL],0.2751004016064257,0.9552786404500042,0.0014198931349127637,0.008964852431232209,2025-08-07T13:33:31.493227Z,2027-08-27T14:28:07Z,{v1~v2}
BUILD_1754573610385,2026-04-15T14:10:25Z,2029-01-09T14:26:25Z,0.1,6047,tc181,MULTI_TRANSITION_RATE,UA_UNWEIGHTED_SCORE,Verdicts[ALL],0.2650602409638554,0.9634851628329889,0.006454920188080977,0.013327742268220547,2025-08-07T13:33:31.493300Z,2028-05-03T20:26:53Z,{v1~v2~v3}
BUILD_1754573610385,2026-04-15T14:10:25Z,2029-01-09T14:26:25Z,0.1,6047,tc181,MULTI_TRANSITION_RATE,UA_UNWEIGHTED_SCORE,Verdicts[ALL],0.26706827309236947,0.9683772233983162,0.005911486523646495,0.008032025486365809,2025-08-07T13:33:31.493393Z,2029-01-09T02:16:51Z,{v1~v2~v3~v4}
BUILD_1754573610385,2026-04-15T14:10:25Z,2029-01-09T14:26:25Z,0.1,6047,tc106,MULTI_TRANSITION_RATE,UA_UNWEIGHTED_SCORE,Verdicts[ALL],0.0,0.9367544467966324,0.0,0.0,2025-08-07T13:33:31.493497Z,2026-12-20T17:27:52Z,{v1}
BUILD_1754573610385,2026-04-15T14:10:25Z,2029-01-09T14:26:25Z,0.1,6047,tc106,MULTI_TRANSITION_RATE,UA_UNWEIGHTED_SCORE,Verdicts[ALL],0.0,0.9552786404500042,0.0,0.0,2025-08-07T13:33:31.493535Z,2027-08-28T10:01:16Z,{v1~v2}
BUILD_1754573610385,2026-04-15T14:10:25Z,2029-01-09T14:26:25Z,0.1,6047,tc106,MULTI_TRANSITION_RATE,UA_UNWEIGHTED_SCORE,Verdicts[ALL],0.0,0.9634851628329889,0.0,0.0,2025-08-07T13:33:31.493623Z,2028-05-04T05:14:34Z,{v1~v2~v3}
BUILD_1754573610385,2026-04-15T14:10:25Z,2029-01-09T14:26:25Z,0.1,6047,tc106,MULTI_TRANSITION_RATE,UA_UNWEIGHTED_SCORE,Verdicts[ALL],0.0,0.9683772233983162,0.0,0.0,2025-08-07T13:33:31.493674Z,2029-01-08T21:19:47Z,{v1~v2~v3~v4}
BUILD_1754573610385,2026-04-15T14:10:25Z,2029-01-09T14:26:25Z,0.1,6047,tc131,MULTI_TRANSITION_RATE,UA_UNWEIGHTED_SCORE,Verdicts[ALL],0.0,0.9367544467966324,0.0,0.0,2025-08-07T13:33:31.493774Z,2026-12-20T21:40:08Z,{v1}
BUILD_1754573610385,2026-04-15T14:10:25Z,2029-01-09T14:26:25Z,0.1,6047,tc131,MULTI_TRANSITION_RATE,UA_UNWEIGHTED_SCORE,Verdicts[ALL],0.0,0.9552786404500042,0.0,0.0,2025-08-07T13:33:31.493809Z,2027-08-27T19:27:28Z,{v1~v2}
BUILD_1754573610385,2026-04-15T14:10:25Z,2029-01-09T14:26:25Z,0.1,6047,tc131,MULTI_TRANSITION_RATE,UA_UNWEIGHTED_SCORE,Verdicts[ALL],0.0,0.9634851628329889,0.0,0.0,2025-08-07T13:33:31.493849Z,2028-05-03T23:57:08Z,{v1~v2~v3}
BUILD_1754573610385,2026-04-15T14:10:25Z,2029-01-09T14:26:25Z,0.1,6047,tc131,MULTI_TRANSITION_RATE,UA_UNWEIGHTED_SCORE,Verdicts[ALL],0.0,0.9683772233983162,0.0,0.0,2025-08-07T13:33:31.493884Z,2029-01-08T18:01:15Z,{v1~v2~v3~v4}
BUILD_1754573610385,2026-04-15T14:10:25Z,2029-01-09T14:26:25Z,0.1,6047,tc193,MULTI_TRANSITION_RATE,UA_UNWEIGHTED_SCORE,Verdicts[ALL],0.26506024096385544,0.9367544467966324,0.0,0.0,2025-08-07T13:33:31.493955Z,2026-12-21T10:55:38Z,{v1}
BUILD_1754573610385,2026-04-15T14:10:25Z,2029-01-09T14:26:25Z,0.1,6047,tc193,MULTI_TRANSITION_RATE,UA_UNWEIGHTED_SCORE,Verdicts[ALL],0.27108433734939763,0.9552786404500042,0.004259679404738252,0.02689455729369638,2025-08-07T13:33:31.493992Z,2027-08-28T10:00:17Z,{v1~v2}
BUILD_1754573610385,2026-04-15T14:10:25Z,2029-01-09T14:26:25Z,0.1,6047,tc193,MULTI_TRANSITION_RATE,UA_UNWEIGHTED_SCORE,Verdicts[ALL],0.23560910307898264,0.9634851628329889,0.018983113138247017,0.03919522348582967,2025-08-07T13:33:31.494036Z,2028-05-04T06:03:47Z,{v1~v2~v3}
BUILD_1754573610385,2026-04-15T14:10:25Z,2029-01-09T14:26:25Z,0.1,6047,tc193,MULTI_TRANSITION_RATE,UA_UNWEIGHTED_SCORE,Verdicts[ALL],0.22590361445783136,0.9683772233983162,0.02204330422945742,0.02995056838351763,2025-08-07T13:33:31.494166Z,2029-01-08T20:36:16Z,{v1~v2~v3~v4}
BUILD_1754573610385,2026-04-15T14:10:25Z,2029-01-09T14:26:25Z,0.1,6047,tc133,MULTI_TRANSITION_RATE,UA_UNWEIGHTED_SCORE,Verdicts[ALL],0.0,0.9367544467966324,0.0,0.0,2025-08-07T13:33:31.494273Z,2026-12-20T15:55:26Z,{v1}
BUILD_1754573610385,2026-04-15T14:10:25Z,2029-01-09T14:26:25Z,0.1,6047,tc133,MULTI_TRANSITION_RATE,UA_UNWEIGHTED_SCORE,Verdicts[ALL],0.0,0.9552786404500042,0.0,0.0,2025-08-07T13:33:31.494311Z,2027-08-27T16:51:22Z,{v1~v2}
BUILD_1754573610385,2026-04-15T14:10:25Z,2029-01-09T14:26:25Z,0.1,6047,tc133,MULTI_TRANSITION_RATE,UA_UNWEIGHTED_SCORE,Verdicts[ALL],0.0,0.9634851628329889,0.0,0.0,2025-08-07T13:33:31.494344Z,2028-05-03T16:30:33Z,{v1~v2~v3}
BUILD_1754573610385,2026-04-15T14:10:25Z,2029-01-09T14:26:25Z,0.1,6047,tc133,MULTI_TRANSITION_RATE,UA_UNWEIGHTED_SCORE,Verdicts[ALL],0.0,0.9683772233983162,0.0,0.0,2025-08-07T13:33:31.494378Z,2029-01-08T20:52:48Z,{v1~v2~v3~v4}
BUILD_1754573610385,2026-04-15T14:10:25Z,2029-01-09T14:26:25Z,0.1,6047,tc104,MULTI_TRANSITION_RATE,UA_UNWEIGHTED_SCORE,Verdicts[ALL],0.0,0.9367544467966324,0.0,0.0,2025-08-07T13:33:31.494528Z,2026-12-20T17:21:03Z,{v1}
BUILD_1754573610385,2026-04-15T14:10:25Z,2029-01-09T14:26:25Z,0.1,6047,tc104,MULTI_TRANSITION_RATE,UA_UNWEIGHTED_SCORE,Verdicts[ALL],0.0,0.9552786404500042,0.0,0.0,2025-08-07T13:33:31.494575Z,2027-08-27T14:41:00Z,{v1~v2}
BUILD_1754573610385,2026-04-15T14:10:25Z,2029-01-09T14:26:25Z,0.1,6047,tc104,MULTI_TRANSITION_RATE,UA_UNWEIGHTED_SCORE,Verdicts[ALL],0.0,0.9634851628329889,0.0,0.0,2025-08-07T13:33:31.494612Z,2028-05-04T11:59:27Z,{v1~v2~v3}
BUILD_1754573610385,2026-04-15T14:10:25Z,2029-01-09T14:26:25Z,0.1,6047,tc104,MULTI_TRANSITION_RATE,UA_UNWEIGHTED_SCORE,Verdicts[ALL],0.0,0.9683772233983162,0.0,0.0,2025-08-07T13:33:31.494722Z,2029-01-08T21:39:14Z,{v1~v2~v3~v4}
BUILD_1754573610385,2026-04-15T14:10:25Z,2029-01-09T14:26:25Z,0.1,6047,tc145,MULTI_TRANSITION_RATE,UA_UNWEIGHTED_SCORE,Verdicts[ALL],0.20481927710843373,0.9367544467966324,0.0,0.0,2025-08-07T13:33:31.494862Z,2026-12-21T09:37:15Z,{v1}
BUILD_1754573610385,2026-04-15T14:10:25Z,2029-01-09T14:26:25Z,0.1,6047,tc145,MULTI_TRANSITION_RATE,UA_UNWEIGHTED_SCORE,Verdicts[ALL],0.2248995983935743,0.9552786404500042,0.014198931349127461,0.08964852431232097,2025-08-07T13:33:31.494909Z,2027-08-27T18:28:01Z,{v1~v2}
BUILD_1754573610385,2026-04-15T14:10:25Z,2029-01-09T14:26:25Z,0.1,6047,tc145,MULTI_TRANSITION_RATE,UA_UNWEIGHTED_SCORE,Verdicts[ALL],0.23159303882195448,0.9634851628329889,0.013933507359211061,0.02876909234583857,2025-08-07T13:33:31.494942Z,2028-05-04T07:28:54Z,{v1~v2~v3}
BUILD_1754573610385,2026-04-15T14:10:25Z,2029-01-09T14:26:25Z,0.1,6047,tc145,MULTI_TRANSITION_RATE,UA_UNWEIGHTED_SCORE,Verdicts[ALL],0.21987951807228914,0.9683772233983162,0.011380079073573832,0.015462284281656469,2025-08-07T13:33:31.495013Z,2029-01-08T16:57:59Z,{v1~v2~v3~v4}
BUILD_1754573610385,2026-04-15T14:10:25Z,2029-01-09T14:26:25Z,0.1,6047,tc175,MULTI_TRANSITION_RATE,UA_UNWEIGHTED_SCORE,Verdicts[ALL],0.0,0.9367544467966324,0.0,0.0,2025-08-07T13:33:31.495076Z,2026-12-21T11:41:43Z,{v1}
BUILD_1754573610385,2026-04-15T14:10:25Z,2029-01-09T14:26:25Z,0.1,6047,tc175,MULTI_TRANSITION_RATE,UA_UNWEIGHTED_SCORE,Verdicts[ALL],0.0,0.9552786404500042,0.0,0.0,2025-08-07T13:33:31.495111Z,2027-08-28T03:25:27Z,{v1~v2}
BUILD_1754573610385,2026-04-15T14:10:25Z,2029-01-09T14:26:25Z,0.1,6047,tc175,MULTI_TRANSITION_RATE,UA_UNWEIGHTED_SCORE,Verdicts[ALL],0.0,0.9634851628329889,0.0,0.0,2025-08-07T13:33:31.495149Z,2028-05-03T16:44:15Z,{v1~v2~v3}
BUILD_1754573610385,2026-04-15T14:10:25Z,2029-01-09T14:26:25Z,0.1,6047,tc175,MULTI_TRANSITION_RATE,UA_UNWEIGHTED_SCORE,Verdicts[ALL],0.0,0.9683772233983162,0.0,0.0,2025-08-07T13:33:31.495194Z,2029-01-08T21:10:27Z,{v1~v2~v3~v4}
BUILD_1754573610385,2026-04-15T14:10:25Z,2029-01-09T14:26:25Z,0.1,6047,tc195,MULTI_TRANSITION_RATE,UA_UNWEIGHTED_SCORE,Verdicts[ALL],0.0,0.9367544467966324,0.0,0.0,2025-08-07T13:33:31.495281Z,2026-12-21T05:51:27Z,{v1}
BUILD_1754573610385,2026-04-15T14:10:25Z,2029-01-09T14:26:25Z,0.1,6047,tc195,MULTI_TRANSITION_RATE,UA_UNWEIGHTED_SCORE,Verdicts[ALL],0.0,0.9552786404500042,0.0,0.0,2025-08-07T13:33:31.495315Z,2027-08-28T08:37:13Z,{v1~v2}
BUILD_1754573610385,2026-04-15T14:10:25Z,2029-01-09T14:26:25Z,0.1,6047,tc195,MULTI_TRANSITION_RATE,UA_UNWEIGHTED_SCORE,Verdicts[ALL],0.0,0.9634851628329889,0.0,0.0,2025-08-07T13:33:31.495389Z,2028-05-04T08:20:02Z,{v1~v2~v3}
BUILD_1754573610385,2026-04-15T14:10:25Z,2029-01-09T14:26:25Z,0.1,6047,tc195,MULTI_TRANSITION_RATE,UA_UNWEIGHTED_SCORE,Verdicts[ALL],0.0,0.9683772233983162,0.0,0.0,2025-08-07T13:33:31.495436Z,2029-01-08T20:13:15Z,{v1~v2~v3~v4}
BUILD_1754573610385,2026-04-15T14:10:25Z,2029-01-09T14:26:25Z,0.1,6047,tc123,MULTI_TRANSITION_RATE,UA_UNWEIGHTED_SCORE,Verdicts[ALL],0.07228915662650602,0.9367544467966324,0.0,0.0,2025-08-07T13:33:31.495497Z,2026-12-20T14:52:20Z,{v1}
BUILD_1754573610385,2026-04-15T14:10:25Z,2029-01-09T14:26:25Z,0.1,6047,tc123,MULTI_TRANSITION_RATE,UA_UNWEIGHTED_SCORE,Verdicts[ALL],0.0682730923694779,0.9552786404500042,0.002839786269825498,0.01792970486246423,2025-08-07T13:33:31.495527Z,2027-08-27T20:29:29Z,{v1~v2}
BUILD_1754573610385,2026-04-15T14:10:25Z,2029-01-09T14:26:25Z,0.1,6047,tc123,MULTI_TRANSITION_RATE,UA_UNWEIGHTED_SCORE,Verdicts[ALL],0.07496653279785809,0.9634851628329889,0.0033689578024412095,0.006956027339634061,2025-08-07T13:33:31.495555Z,2028-05-03T16:55:11Z,{v1~v2~v3}
BUILD_1754573610385,2026-04-15T14:10:25Z,2029-01-09T14:26:25Z,0.1,6047,tc123,MULTI_TRANSITION_RATE,UA_UNWEIGHTED_SCORE,Verdicts[ALL],0.08634538152610441,0.9683772233983162,0.007755441918511691,0.010537435363904196,2025-08-07T13:33:31.495687Z,2029-01-08T18:03:31Z,{v1~v2~v3~v4}
BUILD_1754573610385,2026-04-15T14:10:25Z,2029-01-09T14:26:25Z,0.1,6047,tc103,MULTI_TRANSITION_RATE,UA_UNWEIGHTED_SCORE,Verdicts[ALL],0.10843373493975904,0.9367544467966324,0.0,0.0,2025-08-07T13:33:31.495762Z,2026-12-20T22:53:36Z,{v1}
BUILD_1754573610385,2026-04-15T14:10:25Z,2029-01-09T14:26:25Z,0.1,6047,tc103,MULTI_TRANSITION_RATE,UA_UNWEIGHTED_SCORE,Verdicts[ALL],0.09839357429718876,0.9552786404500042,0.0070994656745637305,0.044824262156160484,2025-08-07T13:33:31.495797Z,2027-08-28T06:53:18Z,{v1~v2}
BUILD_1754573610385,2026-04-15T14:10:25Z,2029-01-09T14:26:25Z,0.1,6047,tc103,MULTI_TRANSITION_RATE,UA_UNWEIGHTED_SCORE,Verdicts[ALL],0.10441767068273093,0.9634851628329889,0.005053436703661814,0.010434041009451092,2025-08-07T13:33:31.495838Z,2028-05-04T12:47:28Z,{v1~v2~v3}
BUILD_1754573610385,2026-04-15T14:10:25Z,2029-01-09T14:26:25Z,0.1,6047,tc103,MULTI_TRANSITION_RATE,UA_UNWEIGHTED_SCORE,Verdicts[ALL],0.11847389558232932,0.9683772233983162,0.008440107237562576,0.01146770041149417,2025-08-07T13:33:31.495873Z,2029-01-08T20:22:26Z,{v1~v2~v3~v4}
BUILD_1754573610385,2026-04-15T14:10:25Z,2029-01-09T14:26:25Z,0.1,6047,tc143,MULTI_TRANSITION_RATE,UA_UNWEIGHTED_SCORE,Verdicts[ALL],0.10441767068273092,0.9367544467966324,0.0,0.0,2025-08-07T13:33:31.495950Z,2026-12-20T14:38:15Z,{v1}
BUILD_1754573610385,2026-04-15T14:10:25Z,2029-01-09T14:26:25Z,0.1,6047,tc143,MULTI_TRANSITION_RATE,UA_UNWEIGHTED_SCORE,Verdicts[ALL],0.11847389558232932,0.9552786404500042,0.009939251944389228,0.06275396701862472,2025-08-07T13:33:31.495993Z,2027-08-28T05:35:51Z,{v1~v2}
BUILD_1754573610385,2026-04-15T14:10:25Z,2029-01-09T14:26:25Z,0.1,6047,tc143,MULTI_TRANSITION_RATE,UA_UNWEIGHTED_SCORE,Verdicts[ALL],0.13654618473895583,0.9634851628329889,0.01610603670082459,0.03325480406519295,2025-08-07T13:33:31.496024Z,2028-05-03T15:20:48Z,{v1~v2~v3}
BUILD_1754573610385,2026-04-15T14:10:25Z,2029-01-09T14:26:25Z,0.1,6047,tc143,MULTI_TRANSITION_RATE,UA_UNWEIGHTED_SCORE,Verdicts[ALL],0.14457831325301204,0.9683772233983162,0.018062990319295362,0.02454245611898398,2025-08-07T13:33:31.496055Z,2029-01-08T17:35:49Z,{v1~v2~v3~v4}
BUILD_1754573610385,2026-04-15T14:10:25Z,2029-01-09T14:26:25Z,0.1,6047,tc117,MULTI_TRANSITION_RATE,UA_UNWEIGHTED_SCORE,Verdicts[ALL],0.05622489959839357,0.9367544467966324,0.0,0.0,2025-08-07T13:33:31.496111Z,2026-12-21T02:13:36Z,{v1}
BUILD_1754573610385,2026-04-15T14:10:25Z,2029-01-09T14:26:25Z,0.1,6047,tc117,MULTI_TRANSITION_RATE,UA_UNWEIGHTED_SCORE,Verdicts[ALL],0.09236947791164658,0.9552786404500042,0.025558076428429426,0.16136734376217773,2025-08-07T13:33:31.496143Z,2027-08-28T03:13:29Z,{v1~v2}
BUILD_1754573610385,2026-04-15T14:10:25Z,2029-01-09T14:26:25Z,0.1,6047,tc117,MULTI_TRANSITION_RATE,UA_UNWEIGHTED_SCORE,Verdicts[ALL],0.09638554216867469,0.9634851628329889,0.022118757218016472,0.045669518275284406,2025-08-07T13:33:31.496180Z,2028-05-04T09:56:26Z,{v1~v2~v3}
BUILD_1754573610385,2026-04-15T14:10:25Z,2029-01-09T14:26:25Z,0.1,6047,tc117,MULTI_TRANSITION_RATE,UA_UNWEIGHTED_SCORE,Verdicts[ALL],0.0963855421686747,0.9683772233983162,0.01950308204060705,0.026499130360227937,2025-08-07T13:33:31.496245Z,2029-01-08T15:50:00Z,{v1~v2~v3~v4}
BUILD_1754573610385,2026-04-15T14:10:25Z,2029-01-09T14:26:25Z,0.1,6047,tc189,MULTI_TRANSITION_RATE,UA_UNWEIGHTED_SCORE,Verdicts[ALL],0.0,0.9367544467966324,0.0,0.0,2025-08-07T13:33:31.496448Z,2026-12-21T12:25:29Z,{v1}
BUILD_1754573610385,2026-04-15T14:10:25Z,2029-01-09T14:26:25Z,0.1,6047,tc189,MULTI_TRANSITION_RATE,UA_UNWEIGHTED_SCORE,Verdicts[ALL],0.0,0.9552786404500042,0.0,0.0,2025-08-07T13:33:31.496484Z,2027-08-28T01:46:49Z,{v1~v2}
BUILD_1754573610385,2026-04-15T14:10:25Z,2029-01-09T14:26:25Z,0.1,6047,tc189,MULTI_TRANSITION_RATE,UA_UNWEIGHTED_SCORE,Verdicts[ALL],0.0,0.9634851628329889,0.0,0.0,2025-08-07T13:33:31.496517Z,2028-05-03T17:00:55Z,{v1~v2~v3}
BUILD_1754573610385,2026-04-15T14:10:25Z,2029-01-09T14:26:25Z,0.1,6047,tc189,MULTI_TRANSITION_RATE,UA_UNWEIGHTED_SCORE,Verdicts[ALL],0.0,0.9683772233983162,0.0,0.0,2025-08-07T13:33:31.496551Z,2029-01-08T19:28:40Z,{v1~v2~v3~v4}
BUILD_1754573610385,2026-04-15T14:10:25Z,2029-01-09T14:26:25Z,0.1,6047,tc188,MULTI_TRANSITION_RATE,UA_UNWEIGHTED_SCORE,Verdicts[ALL],0.0,0.9367544467966324,0.0,0.0,2025-08-07T13:33:31.496612Z,2026-12-21T13:28:27Z,{v1}
BUILD_1754573610385,2026-04-15T14:10:25Z,2029-01-09T14:26:25Z,0.1,6047,tc188,MULTI_TRANSITION_RATE,UA_UNWEIGHTED_SCORE,Verdicts[ALL],0.0,0.9552786404500042,0.0,0.0,2025-08-07T13:33:31.496641Z,2027-08-27T16:29:48Z,{v1~v2}
BUILD_1754573610385,2026-04-15T14:10:25Z,2029-01-09T14:26:25Z,0.1,6047,tc188,MULTI_TRANSITION_RATE,UA_UNWEIGHTED_SCORE,Verdicts[ALL],0.0,0.9634851628329889,0.0,0.0,2025-08-07T13:33:31.496669Z,2028-05-03T21:49:50Z,{v1~v2~v3}
BUILD_1754573610385,2026-04-15T14:10:25Z,2029-01-09T14:26:25Z,0.1,6047,tc188,MULTI_TRANSITION_RATE,UA_UNWEIGHTED_SCORE,Verdicts[ALL],0.0,0.9683772233983162,0.0,0.0,2025-08-07T13:33:31.496722Z,2029-01-09T07:26:41Z,{v1~v2~v3~v4}
BUILD_1754573610385,2026-04-15T14:10:25Z,2029-01-09T14:26:25Z,0.1,6047,tc177,MULTI_TRANSITION_RATE,UA_UNWEIGHTED_SCORE,Verdicts[ALL],0.3092369477911647,0.9367544467966324,0.0,0.0,2025-08-07T13:33:31.496805Z,2026-12-20T22:58:22Z,{v1}
BUILD_1754573610385,2026-04-15T14:10:25Z,2029-01-09T14:26:25Z,0.1,6047,tc177,MULTI_TRANSITION_RATE,UA_UNWEIGHTED_SCORE,Verdicts[ALL],0.2530120481927711,0.9552786404500042,0.03975700777755687,0.2510158680744986,2025-08-07T13:33:31.496838Z,2027-08-28T10:37:02Z,{v1~v2}
BUILD_1754573610385,2026-04-15T14:10:25Z,2029-01-09T14:26:25Z,0.1,6047,tc177,MULTI_TRANSITION_RATE,UA_UNWEIGHTED_SCORE,Verdicts[ALL],0.23694779116465867,0.9634851628329889,0.03795835844379604,0.0783742019301479,2025-08-07T13:33:31.496865Z,2028-05-04T10:58:41Z,{v1~v2~v3}
BUILD_1754573610385,2026-04-15T14:10:25Z,2029-01-09T14:26:25Z,0.1,6047,tc177,MULTI_TRANSITION_RATE,UA_UNWEIGHTED_SCORE,Verdicts[ALL],0.24698795180722893,0.9683772233983162,0.032476984053435416,0.04412696579685012,2025-08-07T13:33:31.496926Z,2029-01-08T18:08:43Z,{v1~v2~v3~v4}
BUILD_1754573610385,2026-04-15T14:10:25Z,2029-01-09T14:26:25Z,0.1,6047,tc194,MULTI_TRANSITION_RATE,UA_UNWEIGHTED_SCORE,Verdicts[ALL],0.0,0.9367544467966324,0.0,0.0,2025-08-07T13:33:31.497058Z,2026-12-21T08:58:20Z,{v1}
BUILD_1754573610385,2026-04-15T14:10:25Z,2029-01-09T14:26:25Z,0.1,6047,tc194,MULTI_TRANSITION_RATE,UA_UNWEIGHTED_SCORE,Verdicts[ALL],0.0,0.9552786404500042,0.0,0.0,2025-08-07T13:33:31.497108Z,2027-08-27T18:13:42Z,{v1~v2}
BUILD_1754573610385,2026-04-15T14:10:25Z,2029-01-09T14:26:25Z,0.1,6047,tc194,MULTI_TRANSITION_RATE,UA_UNWEIGHTED_SCORE,Verdicts[ALL],0.0,0.9634851628329889,0.0,0.0,2025-08-07T13:33:31.497143Z,2028-05-04T11:48:45Z,{v1~v2~v3}
BUILD_1754573610385,2026-04-15T14:10:25Z,2029-01-09T14:26:25Z,0.1,6047,tc194,MULTI_TRANSITION_RATE,UA_UNWEIGHTED_SCORE,Verdicts[ALL],0.0,0.9683772233983162,0.0,0.0,2025-08-07T13:33:31.497178Z,2029-01-09T07:21:48Z,{v1~v2~v3~v4}
BUILD_1754573610385,2026-04-15T14:10:25Z,2029-01-09T14:26:25Z,0.1,6047,tc139,MULTI_TRANSITION_RATE,UA_UNWEIGHTED_SCORE,Verdicts[ALL],0.18473895582329317,0.9367544467966324,0.0,0.0,2025-08-07T13:33:31.497286Z,2026-12-20T21:31:10Z,{v1}
BUILD_1754573610385,2026-04-15T14:10:25Z,2029-01-09T14:26:25Z,0.1,6047,tc139,MULTI_TRANSITION_RATE,UA_UNWEIGHTED_SCORE,Verdicts[ALL],0.22088353413654616,0.9552786404500042,0.025558076428429412,0.16136734376217765,2025-08-07T13:33:31.497336Z,2027-08-28T01:37:52Z,{v1~v2}
BUILD_1754573610385,2026-04-15T14:10:25Z,2029-01-09T14:26:25Z,0.1,6047,tc139,MULTI_TRANSITION_RATE,UA_UNWEIGHTED_SCORE,Verdicts[ALL],0.20214190093708165,0.9634851628329889,0.01807642043777696,0.03732313734436889,2025-08-07T13:33:31.497385Z,2028-05-04T00:31:46Z,{v1~v2~v3}
BUILD_1754573610385,2026-04-15T14:10:25Z,2029-01-09T14:26:25Z,0.1,6047,tc139,MULTI_TRANSITION_RATE,UA_UNWEIGHTED_SCORE,Verdicts[ALL],0.20080321285140562,0.9683772233983162,0.014786293195699135,0.02009035854546335,2025-08-07T13:33:31.497430Z,2029-01-08T14:31:34Z,{v1~v2~v3~v4}
BUILD_1754573610385,2026-04-15T14:10:25Z,2029-01-09T14:26:25Z,0.1,6047,tc134,MULTI_TRANSITION_RATE,UA_UNWEIGHTED_SCORE,Verdicts[ALL],0.0,0.9367544467966324,0.0,0.0,2025-08-07T13:33:31.497517Z,2026-12-20T22:58:54Z,{v1}
BUILD_1754573610385,2026-04-15T14:10:25Z,2029-01-09T14:26:25Z,0.1,6047,tc134,MULTI_TRANSITION_RATE,UA_UNWEIGHTED_SCORE,Verdicts[ALL],0.0,0.9552786404500042,0.0,0.0,2025-08-07T13:33:31.497553Z,2027-08-28T13:29:54Z,{v1~v2}
BUILD_1754573610385,2026-04-15T14:10:25Z,2029-01-09T14:26:25Z,0.1,6047,tc134,MULTI_TRANSITION_RATE,UA_UNWEIGHTED_SCORE,Verdicts[ALL],0.0,0.9634851628329889,0.0,0.0,2025-08-07T13:33:31.497588Z,2028-05-03T16:45:31Z,{v1~v2~v3}
BUILD_1754573610385,2026-04-15T14:10:25Z,2029-01-09T14:26:25Z,0.1,6047,tc134,MULTI_TRANSITION_RATE,UA_UNWEIGHTED_SCORE,Verdicts[ALL],0.0,0.9683772233983162,0.0,0.0,2025-08-07T13:33:31.497655Z,2029-01-08T16:37:50Z,{v1~v2~v3~v4}
BUILD_1754573610385,2026-04-15T14:10:25Z,2029-01-09T14:26:25Z,0.1,6047,tc120,MULTI_TRANSITION_RATE,UA_UNWEIGHTED_SCORE,Verdicts[ALL],0.23293172690763053,0.9367544467966324,0.0,0.0,2025-08-07T13:33:31.497726Z,2026-12-21T10:23:15Z,{v1}
BUILD_1754573610385,2026-04-15T14:10:25Z,2029-01-09T14:26:25Z,0.1,6047,tc120,MULTI_TRANSITION_RATE,UA_UNWEIGHTED_SCORE,Verdicts[ALL],0.26706827309236947,0.9552786404500042,0.02413818329351667,0.15240249133094558,2025-08-07T13:33:31.497756Z,2027-08-27T23:45:21Z,{v1~v2}
BUILD_1754573610385,2026-04-15T14:10:25Z,2029-01-09T14:26:25Z,0.1,6047,tc120,MULTI_TRANSITION_RATE,UA_UNWEIGHTED_SCORE,Verdicts[ALL],0.26506024096385544,0.9634851628329889,0.01915540565094268,0.03955096300499397,2025-08-07T13:33:31.497785Z,2028-05-04T03:08:53Z,{v1~v2~v3}
BUILD_1754573610385,2026-04-15T14:10:25Z,2029-01-09T14:26:25Z,0.1,6047,tc120,MULTI_TRANSITION_RATE,UA_UNWEIGHTED_SCORE,Verdicts[ALL],0.26706827309236947,0.9683772233983162,0.01676035344785664,0.022772543845814883,2025-08-07T13:33:31.497818Z,2029-01-09T01:39:03Z,{v1~v2~v3~v4}
BUILD_1754573610385,2026-04-15T14:10:25Z,2029-01-09T14:26:25Z,0.1,6047,tc110,MULTI_TRANSITION_RATE,UA_UNWEIGHTED_SCORE,Verdicts[ALL],0.1686746987951807,0.9367544467966324,0.0,0.0,2025-08-07T13:33:31.497961Z,2026-12-20T18:46:38Z,{v1}
BUILD_1754573610385,2026-04-15T14:10:25Z,2029-01-09T14:26:25Z,0.1,6047,tc110,MULTI_TRANSITION_RATE,UA_UNWEIGHTED_SCORE,Verdicts[ALL],0.178714859437751,0.9552786404500042,0.00709946567456374,0.044824262156160546,2025-08-07T13:33:31.497998Z,2027-08-27T19:53:29Z,{v1~v2}
BUILD_1754573610385,2026-04-15T14:10:25Z,2029-01-09T14:26:25Z,0.1,6047,tc110,MULTI_TRANSITION_RATE,UA_UNWEIGHTED_SCORE,Verdicts[ALL],0.18875502008032127,0.9634851628329889,0.010040160642570281,0.02073033739794237,2025-08-07T13:33:31.498033Z,2028-05-03T15:59:35Z,{v1~v2~v3}
BUILD_1754573610385,2026-04-15T14:10:25Z,2029-01-09T14:26:25Z,0.1,6047,tc110,MULTI_TRANSITION_RATE,UA_UNWEIGHTED_SCORE,Verdicts[ALL],0.19779116465863453,0.9683772233983162,0.012576946067010408,0.01708848543370488,2025-08-07T13:33:31.498076Z,2029-01-09T10:18:13Z,{v1~v2~v3~v4}
BUILD_1754573610385,2026-04-15T14:10:25Z,2029-01-09T14:26:25Z,0.1,6047,tc170,MULTI_TRANSITION_RATE,UA_UNWEIGHTED_SCORE,Verdicts[ALL],0.1606425702811245,0.9367544467966324,0.0,0.0,2025-08-07T13:33:31.498148Z,2026-12-20T20:00:00Z,{v1}
BUILD_1754573610385,2026-04-15T14:10:25Z,2029-01-09T14:26:25Z,0.1,6047,tc170,MULTI_TRANSITION_RATE,UA_UNWEIGHTED_SCORE,Verdicts[ALL],0.1827309236947791,0.9552786404500042,0.015618824484040204,0.09861337674355306,2025-08-07T13:33:31.498226Z,2027-08-27T15:41:26Z,{v1~v2}
BUILD_1754573610385,2026-04-15T14:10:25Z,2029-01-09T14:26:25Z,0.1,6047,tc170,MULTI_TRANSITION_RATE,UA_UNWEIGHTED_SCORE,Verdicts[ALL],0.21552878179384205,0.9634851628329889,0.0276166950310603,0.05702133921867188,2025-08-07T13:33:31.498257Z,2028-05-04T00:34:27Z,{v1~v2~v3}
BUILD_1754573610385,2026-04-15T14:10:25Z,2029-01-09T14:26:25Z,0.1,6047,tc170,MULTI_TRANSITION_RATE,UA_UNWEIGHTED_SCORE,Verdicts[ALL],0.21887550200803213,0.9683772233983162,0.02781605723585027,0.03779409455724234,2025-08-07T13:33:31.498314Z,2029-01-08T19:33:45Z,{v1~v2~v3~v4}
BUILD_1754573610385,2026-04-15T14:10:25Z,2029-01-09T14:26:25Z,0.1,6047,tc157,MULTI_TRANSITION_RATE,UA_UNWEIGHTED_SCORE,Verdicts[ALL],0.21686746987951808,0.9367544467966324,0.0,0.0,2025-08-07T13:33:31.498423Z,2026-12-21T04:37:26Z,{v1}
BUILD_1754573610385,2026-04-15T14:10:25Z,2029-01-09T14:26:25Z,0.1,6047,tc157,MULTI_TRANSITION_RATE,UA_UNWEIGHTED_SCORE,Verdicts[ALL],0.19076305220883533,0.9552786404500042,0.018458610753865713,0.11654308160601735,2025-08-07T13:33:31.498458Z,2027-08-27T16:57:15Z,{v1~v2}
BUILD_1754573610385,2026-04-15T14:10:25Z,2029-01-09T14:26:25Z,0.1,6047,tc157,MULTI_TRANSITION_RATE,UA_UNWEIGHTED_SCORE,Verdicts[ALL],0.17670682730923692,0.9634851628329889,0.020379300331510496,0.04207798927189866,2025-08-07T13:33:31.498496Z,2028-05-03T17:59:16Z,{v1~v2~v3}
BUILD_1754573610385,2026-04-15T14:10:25Z,2029-01-09T14:26:25Z,0.1,6047,tc157,MULTI_TRANSITION_RATE,UA_UNWEIGHTED_SCORE,Verdicts[ALL],0.15863453815261042,0.9683772233983162,0.024565929455826745,0.03337809714970845,2025-08-07T13:33:31.498531Z,2029-01-08T17:16:28Z,{v1~v2~v3~v4}
BUILD_1754573610385,2026-04-15T14:10:25Z,2029-01-09T14:26:25Z,0.1,6047,tc128,MULTI_TRANSITION_RATE,UA_UNWEIGHTED_SCORE,Verdicts[ALL],0.2248995983935743,0.9367544467966324,0.0,0.0,2025-08-07T13:33:31.498601Z,2026-12-20T14:26:40Z,{v1}
BUILD_1754573610385,2026-04-15T14:10:25Z,2029-01-09T14:26:25Z,0.1,6047,tc128,MULTI_TRANSITION_RATE,UA_UNWEIGHTED_SCORE,Verdicts[ALL],0.24297188755020083,0.9552786404500042,0.012779038214214736,0.080683671881089,2025-08-07T13:33:31.498634Z,2027-08-27T20:53:42Z,{v1~v2}
BUILD_1754573610385,2026-04-15T14:10:25Z,2029-01-09T14:26:25Z,0.1,6047,tc128,MULTI_TRANSITION_RATE,UA_UNWEIGHTED_SCORE,Verdicts[ALL],0.22891566265060245,0.9634851628329889,0.009489589610949022,0.019593550482537,2025-08-07T13:33:31.498670Z,2028-05-03T15:35:53Z,{v1~v2~v3}
BUILD_1754573610385,2026-04-15T14:10:25Z,2029-01-09T14:26:25Z,0.1,6047,tc128,MULTI_TRANSITION_RATE,UA_UNWEIGHTED_SCORE,Verdicts[ALL],0.22489959839357432,0.9683772233983162,0.008578317013371022,0.011655488108770956,2025-08-07T13:33:31.498709Z,2029-01-09T12:27:04Z,{v1~v2~v3~v4}
BUILD_1754573610385,2026-04-15T14:10:25Z,2029-01-09T14:26:25Z,0.1,6047,tc156,MULTI_TRANSITION_RATE,UA_UNWEIGHTED_SCORE,Verdicts[ALL],0.23293172690763053,0.9367544467966324,0.0,0.0,2025-08-07T13:33:31.498766Z,2026-12-21T01:23:26Z,{v1}
BUILD_1754573610385,2026-04-15T14:10:25Z,2029-01-09T14:26:25Z,0.1,6047,tc156,MULTI_TRANSITION_RATE,UA_UNWEIGHTED_SCORE,Verdicts[ALL],0.22289156626506024,0.9552786404500042,0.00709946567456374,0.044824262156160546,2025-08-07T13:33:31.498794Z,2027-08-28T05:23:21Z,{v1~v2}
BUILD_1754573610385,2026-04-15T14:10:25Z,2029-01-09T14:26:25Z,0.1,6047,tc156,MULTI_TRANSITION_RATE,UA_UNWEIGHTED_SCORE,Verdicts[ALL],0.21552878179384205,0.9634851628329889,0.008735730455355594,0.018037026119797423,2025-08-07T13:33:31.498824Z,2028-05-04T01:04:35Z,{v1~v2~v3}
BUILD_1754573610385,2026-04-15T14:10:25Z,2029-01-09T14:26:25Z,0.1,6047,tc156,MULTI_TRANSITION_RATE,UA_UNWEIGHTED_SCORE,Verdicts[ALL],0.20783132530120482,0.9683772233983162,0.010700349584168788,0.014538725619905856,2025-08-07T13:33:31.498863Z,2029-01-08T17:05:13Z,{v1~v2~v3~v4}
BUILD_1754573610385,2026-04-15T14:10:25Z,2029-01-09T14:26:25Z,0.1,6047,tc122,MULTI_TRANSITION_RATE,UA_UNWEIGHTED_SCORE,Verdicts[ALL],0.14457831325301204,0.9367544467966324,0.0,0.0,2025-08-07T13:33:31.498921Z,2026-12-21T07:44:46Z,{v1}
BUILD_1754573610385,2026-04-15T14:10:25Z,2029-01-09T14:26:25Z,0.1,6047,tc122,MULTI_TRANSITION_RATE,UA_UNWEIGHTED_SCORE,Verdicts[ALL],0.14457831325301204,0.9552786404500042,0.0,0.0,2025-08-07T13:33:31.498948Z,2027-08-28T12:00:44Z,{v1~v2}
BUILD_1754573610385,2026-04-15T14:10:25Z,2029-01-09T14:26:25Z,0.1,6047,tc122,MULTI_TRANSITION_RATE,UA_UNWEIGHTED_SCORE,Verdicts[ALL],0.1459170013386881,0.9634851628329889,7.728919266260146E-4,0.001595822116945859,2025-08-07T13:33:31.498975Z,2028-05-04T06:56:42Z,{v1~v2~v3}
BUILD_1754573610385,2026-04-15T14:10:25Z,2029-01-09T14:26:25Z,0.1,6047,tc122,MULTI_TRANSITION_RATE,UA_UNWEIGHTED_SCORE,Verdicts[ALL],0.14357429718875503,0.9683772233983162,9.612721965425097E-4,0.0013060949646217942,2025-08-07T13:33:31.499005Z,2029-01-09T09:26:28Z,{v1~v2~v3~v4}
BUILD_1754573610385,2026-04-15T14:10:25Z,2029-01-09T14:26:25Z,0.1,6047,tc174,MULTI_TRANSITION_RATE,UA_UNWEIGHTED_SCORE,Verdicts[ALL],0.1927710843373494,0.9367544467966324,0.0,0.0,2025-08-07T13:33:31.499066Z,2026-12-20T19:38:44Z,{v1}
BUILD_1754573610385,2026-04-15T14:10:25Z,2029-01-09T14:26:25Z,0.1,6047,tc174,MULTI_TRANSITION_RATE,UA_UNWEIGHTED_SCORE,Verdicts[ALL],0.21686746987951808,0.9552786404500042,0.01703871761895295,0.10757822917478514,2025-08-07T13:33:31.499098Z,2027-08-28T06:50:59Z,{v1~v2}
BUILD_1754573610385,2026-04-15T14:10:25Z,2029-01-09T14:26:25Z,0.1,6047,tc174,MULTI_TRANSITION_RATE,UA_UNWEIGHTED_SCORE,Verdicts[ALL],0.21151271753681392,0.9634851628329889,0.012652786147932011,0.026124733976715962,2025-08-07T13:33:31.499129Z,2028-05-04T10:30:56Z,{v1~v2~v3}
BUILD_1754573610385,2026-04-15T14:10:25Z,2029-01-09T14:26:25Z,0.1,6047,tc174,MULTI_TRANSITION_RATE,UA_UNWEIGHTED_SCORE,Verdicts[ALL],0.21887550200803213,0.9683772233983162,0.011903225732114279,0.016173091500398466,2025-08-07T13:33:31.499159Z,2029-01-09T13:32:21Z,{v1~v2~v3~v4}
BUILD_1754573610385,2026-04-15T14:10:25Z,2029-01-09T14:26:25Z,0.1,6047,tc159,MULTI_TRANSITION_RATE,UA_UNWEIGHTED_SCORE,Verdicts[ALL],0.10441767068273092,0.9367544467966324,0.0,0.0,2025-08-07T13:33:31.499237Z,2026-12-21T06:47:53Z,{v1}
BUILD_1754573610385,2026-04-15T14:10:25Z,2029-01-09T14:26:25Z,0.1,6047,tc159,MULTI_TRANSITION_RATE,UA_UNWEIGHTED_SCORE,Verdicts[ALL],0.1285140562248996,0.9552786404500042,0.01703871761895295,0.10757822917478514,2025-08-07T13:33:31.499280Z,2027-08-28T14:12:09Z,{v1~v2}
BUILD_1754573610385,2026-04-15T14:10:25Z,2029-01-09T14:26:25Z,0.1,6047,tc159,MULTI_TRANSITION_RATE,UA_UNWEIGHTED_SCORE,Verdicts[ALL],0.12717536813922356,0.9634851628329889,0.013542160558227146,0.027961062323927973,2025-08-07T13:33:31.499322Z,2028-05-04T08:39:47Z,{v1~v2~v3}
BUILD_1754573610385,2026-04-15T14:10:25Z,2029-01-09T14:26:25Z,0.1,6047,tc159,MULTI_TRANSITION_RATE,UA_UNWEIGHTED_SCORE,Verdicts[ALL],0.12550200803212852,0.9683772233983162,0.01138991705170123,0.015475651290231634,2025-08-07T13:33:31.499354Z,2029-01-09T09:06:15Z,{v1~v2~v3~v4}
BUILD_1754573610385,2026-04-15T14:10:25Z,2029-01-09T14:26:25Z,0.1,6047,tc187,MULTI_TRANSITION_RATE,UA_UNWEIGHTED_SCORE,Verdicts[ALL],0.26506024096385544,0.9367544467966324,0.0,0.0,2025-08-07T13:33:31.499605Z,2026-12-21T10:12:01Z,{v1}
BUILD_1754573610385,2026-04-15T14:10:25Z,2029-01-09T14:26:25Z,0.1,6047,tc187,MULTI_TRANSITION_RATE,UA_UNWEIGHTED_SCORE,Verdicts[ALL],0.26706827309236947,0.9552786404500042,0.0014198931349127244,0.00896485243123196,2025-08-07T13:33:31.499645Z,2027-08-28T09:56:53Z,{v1~v2}
BUILD_1754573610385,2026-04-15T14:10:25Z,2029-01-09T14:26:25Z,0.1,6047,tc187,MULTI_TRANSITION_RATE,UA_UNWEIGHTED_SCORE,Verdicts[ALL],0.2637215528781794,0.9634851628329889,0.001684478901220596,0.003478013669817013,2025-08-07T13:33:31.499676Z,2028-05-03T22:43:17Z,{v1~v2~v3}
BUILD_1754573610385,2026-04-15T14:10:25Z,2029-01-09T14:26:25Z,0.1,6047,tc187,MULTI_TRANSITION_RATE,UA_UNWEIGHTED_SCORE,Verdicts[ALL],0.252008032128514,0.9683772233983162,0.0067786576641663794,0.009210263933469666,2025-08-07T13:33:31.499702Z,2029-01-08T23:53:08Z,{v1~v2~v3~v4}
BUILD_1754573610385,2026-04-15T14:10:25Z,2029-01-09T14:26:25Z,0.1,6047,tc152,MULTI_TRANSITION_RATE,UA_UNWEIGHTED_SCORE,Verdicts[ALL],0.22088353413654618,0.9367544467966324,0.0,0.0,2025-08-07T13:33:31.499779Z,2026-12-21T04:37:39Z,{v1}
BUILD_1754573610385,2026-04-15T14:10:25Z,2029-01-09T14:26:25Z,0.1,6047,tc152,MULTI_TRANSITION_RATE,UA_UNWEIGHTED_SCORE,Verdicts[ALL],0.21887550200803213,0.9552786404500042,0.0014198931349127442,0.008964852431232085,2025-08-07T13:33:31.499822Z,2027-08-27T17:14:02Z,{v1~v2}
BUILD_1754573610385,2026-04-15T14:10:25Z,2029-01-09T14:26:25Z,0.1,6047,tc152,MULTI_TRANSITION_RATE,UA_UNWEIGHTED_SCORE,Verdicts[ALL],0.20214190093708165,0.9634851628329889,0.010289917498973863,0.021246020770451665,2025-08-07T13:33:31.499853Z,2028-05-03T18:57:55Z,{v1~v2~v3}
BUILD_1754573610385,2026-04-15T14:10:25Z,2029-01-09T14:26:25Z,0.1,6047,tc152,MULTI_TRANSITION_RATE,UA_UNWEIGHTED_SCORE,Verdicts[ALL],0.19578313253012047,0.9683772233983162,0.012379472381647716,0.016820174972812324,2025-08-07T13:33:31.499882Z,2029-01-09T04:56:39Z,{v1~v2~v3~v4}
BUILD_1754573610385,2026-04-15T14:10:25Z,2029-01-09T14:26:25Z,0.1,6047,tc105,MULTI_TRANSITION_RATE,UA_UNWEIGHTED_SCORE,Verdicts[ALL],0.0,0.9367544467966324,0.0,0.0,2025-08-07T13:33:31.499949Z,2026-12-20T17:57:57Z,{v1}
BUILD_1754573610385,2026-04-15T14:10:25Z,2029-01-09T14:26:25Z,0.1,6047,tc105,MULTI_TRANSITION_RATE,UA_UNWEIGHTED_SCORE,Verdicts[ALL],0.0,0.9552786404500042,0.0,0.0,2025-08-07T13:33:31.499980Z,2027-08-28T00:22:49Z,{v1~v2}
BUILD_1754573610385,2026-04-15T14:10:25Z,2029-01-09T14:26:25Z,0.1,6047,tc105,MULTI_TRANSITION_RATE,UA_UNWEIGHTED_SCORE,Verdicts[ALL],0.0,0.9634851628329889,0.0,0.0,2025-08-07T13:33:31.500014Z,2028-05-04T00:27:36Z,{v1~v2~v3}
BUILD_1754573610385,2026-04-15T14:10:25Z,2029-01-09T14:26:25Z,0.1,6047,tc105,MULTI_TRANSITION_RATE,UA_UNWEIGHTED_SCORE,Verdicts[ALL],0.0,0.9683772233983162,0.0,0.0,2025-08-07T13:33:31.500044Z,2029-01-08T16:58:30Z,{v1~v2~v3~v4}
BUILD_1754573610385,2026-04-15T14:10:25Z,2029-01-09T14:26:25Z,0.1,6047,tc179,MULTI_TRANSITION_RATE,UA_UNWEIGHTED_SCORE,Verdicts[ALL],0.14859437751004015,0.9367544467966324,0.0,0.0,2025-08-07T13:33:31.500115Z,2026-12-20T16:17:19Z,{v1}
BUILD_1754573610385,2026-04-15T14:10:25Z,2029-01-09T14:26:25Z,0.1,6047,tc179,MULTI_TRANSITION_RATE,UA_UNWEIGHTED_SCORE,Verdicts[ALL],0.12449799196787148,0.9552786404500042,0.01703871761895295,0.10757822917478514,2025-08-07T13:33:31.500147Z,2027-08-28T02:11:13Z,{v1~v2}
BUILD_1754573610385,2026-04-15T14:10:25Z,2029-01-09T14:26:25Z,0.1,6047,tc179,MULTI_TRANSITION_RATE,UA_UNWEIGHTED_SCORE,Verdicts[ALL],0.12851405622489961,0.9634851628329889,0.012909840376161913,0.026655484536441006,2025-08-07T13:33:31.500181Z,2028-05-03T20:32:35Z,{v1~v2~v3}
BUILD_1754573610385,2026-04-15T14:10:25Z,2029-01-09T14:26:25Z,0.1,6047,tc179,MULTI_TRANSITION_RATE,UA_UNWEIGHTED_SCORE,Verdicts[ALL],0.15261044176706828,0.9683772233983162,0.014103954153751992,0.019163254245497665,2025-08-07T13:33:31.500213Z,2029-01-09T02:52:34Z,{v1~v2~v3~v4}
BUILD_1754573610385,2026-04-15T14:10:25Z,2029-01-09T14:26:25Z,0.1,6047,tc173,MULTI_TRANSITION_RATE,UA_UNWEIGHTED_SCORE,Verdicts[ALL],0.10040160642570281,0.9367544467966324,0.0,0.0,2025-08-07T13:33:31.500281Z,2026-12-21T08:00:47Z,{v1}
BUILD_1754573610385,2026-04-15T14:10:25Z,2029-01-09T14:26:25Z,0.1,6047,tc173,MULTI_TRANSITION_RATE,UA_UNWEIGHTED_SCORE,Verdicts[ALL],0.12650602409638556,0.9552786404500042,0.018458610753865713,0.11654308160601735,2025-08-07T13:33:31.500315Z,2027-08-28T06:15:51Z,{v1~v2}
BUILD_1754573610385,2026-04-15T14:10:25Z,2029-01-09T14:26:25Z,0.1,6047,tc173,MULTI_TRANSITION_RATE,UA_UNWEIGHTED_SCORE,Verdicts[ALL],0.12717536813922356,0.9634851628329889,0.01526828390087071,0.03152506100456111,2025-08-07T13:33:31.500344Z,2028-05-03T17:32:09Z,{v1~v2~v3}
BUILD_1754573610385,2026-04-15T14:10:25Z,2029-01-09T14:26:25Z,0.1,6047,tc173,MULTI_TRANSITION_RATE,UA_UNWEIGHTED_SCORE,Verdicts[ALL],0.12349397590361447,0.9683772233983162,0.012762593685186313,0.017340727639570924,2025-08-07T13:33:31.500374Z,2029-01-08T22:03:50Z,{v1~v2~v3~v4}
BUILD_1754573610385,2026-04-15T14:10:25Z,2029-01-09T14:26:25Z,0.1,6047,tc154,MULTI_TRANSITION_RATE,UA_UNWEIGHTED_SCORE,Verdicts[ALL],0.20080321285140562,0.9367544467966324,0.0,0.0,2025-08-07T13:33:31.500505Z,2026-12-21T01:51:30Z,{v1}
BUILD_1754573610385,2026-04-15T14:10:25Z,2029-01-09T14:26:25Z,0.1,6047,tc154,MULTI_TRANSITION_RATE,UA_UNWEIGHTED_SCORE,Verdicts[ALL],0.19678714859437751,0.9552786404500042,0.0028397862698254883,0.01792970486246417,2025-08-07T13:33:31.500532Z,2027-08-27T19:43:49Z,{v1~v2}
BUILD_1754573610385,2026-04-15T14:10:25Z,2029-01-09T14:26:25Z,0.1,6047,tc154,MULTI_TRANSITION_RATE,UA_UNWEIGHTED_SCORE,Verdicts[ALL],0.18473895582329317,0.9634851628329889,0.008360104415526641,0.01726145540750315,2025-08-07T13:33:31.500562Z,2028-05-03T22:57:19Z,{v1~v2~v3}
BUILD_1754573610385,2026-04-15T14:10:25Z,2029-01-09T14:26:25Z,0.1,6047,tc154,MULTI_TRANSITION_RATE,UA_UNWEIGHTED_SCORE,Verdicts[ALL],0.1746987951807229,0.9683772233983162,0.011865527376998551,0.01612187017935301,2025-08-07T13:33:31.500589Z,2029-01-08T20:36:51Z,{v1~v2~v3~v4}
BUILD_1754573610385,2026-04-15T14:10:25Z,2029-01-09T14:26:25Z,0.1,6047,tc148,MULTI_TRANSITION_RATE,UA_UNWEIGHTED_SCORE,Verdicts[ALL],0.0,0.9367544467966324,0.0,0.0,2025-08-07T13:33:31.500646Z,2026-12-21T00:00:23Z,{v1}
BUILD_1754573610385,2026-04-15T14:10:25Z,2029-01-09T14:26:25Z,0.1,6047,tc148,MULTI_TRANSITION_RATE,UA_UNWEIGHTED_SCORE,Verdicts[ALL],0.0,0.9552786404500042,0.0,0.0,2025-08-07T13:33:31.500680Z,2027-08-28T05:06:26Z,{v1~v2}
BUILD_1754573610385,2026-04-15T14:10:25Z,2029-01-09T14:26:25Z,0.1,6047,tc148,MULTI_TRANSITION_RATE,UA_UNWEIGHTED_SCORE,Verdicts[ALL],0.0,0.9634851628329889,0.0,0.0,2025-08-07T13:33:31.500704Z,2028-05-04T10:31:29Z,{v1~v2~v3}
BUILD_1754573610385,2026-04-15T14:10:25Z,2029-01-09T14:26:25Z,0.1,6047,tc148,MULTI_TRANSITION_RATE,UA_UNWEIGHTED_SCORE,Verdicts[ALL],0.0,0.9683772233983162,0.0,0.0,2025-08-07T13:33:31.500740Z,2029-01-09T13:33:34Z,{v1~v2~v3~v4}
BUILD_1754573610385,2026-04-15T14:10:25Z,2029-01-09T14:26:25Z,0.1,6047,tc107,MULTI_TRANSITION_RATE,UA_UNWEIGHTED_SCORE,Verdicts[ALL],0.13654618473895583,0.9367544467966324,0.0,0.0,2025-08-07T13:33:31.500809Z,2026-12-21T01:36:50Z,{v1}
BUILD_1754573610385,2026-04-15T14:10:25Z,2029-01-09T14:26:25Z,0.1,6047,tc107,MULTI_TRANSITION_RATE,UA_UNWEIGHTED_SCORE,Verdicts[ALL],0.1606425702811245,0.9552786404500042,0.01703871761895295,0.10757822917478514,2025-08-07T13:33:31.500840Z,2027-08-28T03:50:09Z,{v1~v2}
BUILD_1754573610385,2026-04-15T14:10:25Z,2029-01-09T14:26:25Z,0.1,6047,tc107,MULTI_TRANSITION_RATE,UA_UNWEIGHTED_SCORE,Verdicts[ALL],0.18875502008032127,0.9634851628329889,0.02613014899055305,0.05395200576133374,2025-08-07T13:33:31.500881Z,2028-05-04T11:18:36Z,{v1~v2~v3}
BUILD_1754573610385,2026-04-15T14:10:25Z,2029-01-09T14:26:25Z,0.1,6047,tc107,MULTI_TRANSITION_RATE,UA_UNWEIGHTED_SCORE,Verdicts[ALL],0.20281124497991965,0.9683772233983162,0.029528998333037623,0.040121493341662706,2025-08-07T13:33:31.500917Z,2029-01-08T21:42:14Z,{v1~v2~v3~v4}
BUILD_1754573610385,2026-04-15T14:10:25Z,2029-01-09T14:26:25Z,0.1,6047,tc163,MULTI_TRANSITION_RATE,UA_UNWEIGHTED_SCORE,Verdicts[ALL],0.0,0.9367544467966324,0.0,0.0,2025-08-07T13:33:31.500970Z,2026-12-21T05:08:58Z,{v1}
BUILD_1754573610385,2026-04-15T14:10:25Z,2029-01-09T14:26:25Z,0.1,6047,tc163,MULTI_TRANSITION_RATE,UA_UNWEIGHTED_SCORE,Verdicts[ALL],0.0,0.9552786404500042,0.0,0.0,2025-08-07T13:33:31.501005Z,2027-08-27T15:07:19Z,{v1~v2}
BUILD_1754573610385,2026-04-15T14:10:25Z,2029-01-09T14:26:25Z,0.1,6047,tc163,MULTI_TRANSITION_RATE,UA_UNWEIGHTED_SCORE,Verdicts[ALL],0.0,0.9634851628329889,0.0,0.0,2025-08-07T13:33:31.501041Z,2028-05-04T01:07:11Z,{v1~v2~v3}
BUILD_1754573610385,2026-04-15T14:10:25Z,2029-01-09T14:26:25Z,0.1,6047,tc163,MULTI_TRANSITION_RATE,UA_UNWEIGHTED_SCORE,Verdicts[ALL],0.0,0.9683772233983162,0.0,0.0,2025-08-07T13:33:31.501071Z,2029-01-09T05:23:53Z,{v1~v2~v3~v4}
BUILD_1754573610385,2026-04-15T14:10:25Z,2029-01-09T14:26:25Z,0.1,6047,tc132,MULTI_TRANSITION_RATE,UA_UNWEIGHTED_SCORE,Verdicts[ALL],0.24096385542168675,0.9367544467966324,0.0,0.0,2025-08-07T13:33:31.501747Z,2026-12-21T03:21:56Z,{v1}
BUILD_1754573610385,2026-04-15T14:10:25Z,2029-01-09T14:26:25Z,0.1,6047,tc132,MULTI_TRANSITION_RATE,UA_UNWEIGHTED_SCORE,Verdicts[ALL],0.24497991967871485,0.9552786404500042,0.0028397862698254883,0.01792970486246417,2025-08-07T13:33:31.501796Z,2027-08-28T12:45:41Z,{v1~v2}
BUILD_1754573610385,2026-04-15T14:10:25Z,2029-01-09T14:26:25Z,0.1,6047,tc132,MULTI_TRANSITION_RATE,UA_UNWEIGHTED_SCORE,Verdicts[ALL],0.23293172690763053,0.9634851628329889,0.006134639484545962,0.012666445374405958,2025-08-07T13:33:31.501832Z,2028-05-03T15:28:30Z,{v1~v2~v3}
BUILD_1754573610385,2026-04-15T14:10:25Z,2029-01-09T14:26:25Z,0.1,6047,tc132,MULTI_TRANSITION_RATE,UA_UNWEIGHTED_SCORE,Verdicts[ALL],0.24397590361445784,0.9683772233983162,0.005460899890254587,0.007419806663106593,2025-08-07T13:33:31.501878Z,2029-01-09T12:47:38Z,{v1~v2~v3~v4}
BUILD_1754573610385,2026-04-15T14:10:25Z,2029-01-09T14:26:25Z,0.1,6047,tc199,MULTI_TRANSITION_RATE,UA_UNWEIGHTED_SCORE,Verdicts[ALL],0.0,0.9367544467966324,0.0,0.0,2025-08-07T13:33:31.502576Z,2026-12-20T15:16:26Z,{v1}
BUILD_1754573610385,2026-04-15T14:10:25Z,2029-01-09T14:26:25Z,0.1,6047,tc199,MULTI_TRANSITION_RATE,UA_UNWEIGHTED_SCORE,Verdicts[ALL],0.0,0.9552786404500042,0.0,0.0,2025-08-07T13:33:31.502611Z,2027-08-28T13:17:46Z,{v1~v2}
BUILD_1754573610385,2026-04-15T14:10:25Z,2029-01-09T14:26:25Z,0.1,6047,tc199,MULTI_TRANSITION_RATE,UA_UNWEIGHTED_SCORE,Verdicts[ALL],0.0,0.9634851628329889,0.0,0.0,2025-08-07T13:33:31.502642Z,2028-05-03T16:39:27Z,{v1~v2~v3}
BUILD_1754573610385,2026-04-15T14:10:25Z,2029-01-09T14:26:25Z,0.1,6047,tc199,MULTI_TRANSITION_RATE,UA_UNWEIGHTED_SCORE,Verdicts[ALL],0.0,0.9683772233983162,0.0,0.0,2025-08-07T13:33:31.502671Z,2029-01-08T18:13:33Z,{v1~v2~v3~v4}
BUILD_1754573610385,2026-04-15T14:10:25Z,2029-01-09T14:26:25Z,0.1,6047,tc140,MULTI_TRANSITION_RATE,UA_UNWEIGHTED_SCORE,Verdicts[ALL],0.3132530120481928,0.9367544467966324,0.0,0.0,2025-08-07T13:33:31.502823Z,2026-12-21T07:08:09Z,{v1}
BUILD_1754573610385,2026-04-15T14:10:25Z,2029-01-09T14:26:25Z,0.1,6047,tc140,MULTI_TRANSITION_RATE,UA_UNWEIGHTED_SCORE,Verdicts[ALL],0.28714859437751006,0.9552786404500042,0.018458610753865692,0.11654308160601723,2025-08-07T13:33:31.502854Z,2027-08-27T23:29:15Z,{v1~v2}
BUILD_1754573610385,2026-04-15T14:10:25Z,2029-01-09T14:26:25Z,0.1,6047,tc140,MULTI_TRANSITION_RATE,UA_UNWEIGHTED_SCORE,Verdicts[ALL],0.2878179384203481,0.9634851628329889,0.014881933195584368,0.030727346629299025,2025-08-07T13:33:31.502881Z,2028-05-04T08:16:29Z,{v1~v2~v3}
BUILD_1754573610385,2026-04-15T14:10:25Z,2029-01-09T14:26:25Z,0.1,6047,tc140,MULTI_TRANSITION_RATE,UA_UNWEIGHTED_SCORE,Verdicts[ALL],0.286144578313253,0.9683772233983162,0.013126014169369732,0.01783451250731144,2025-08-07T13:33:31.502911Z,2029-01-08T18:24:28Z,{v1~v2~v3~v4}
BUILD_1754573610385,2026-04-15T14:10:25Z,2029-01-09T14:26:25Z,0.1,6047,tc125,MULTI_TRANSITION_RATE,UA_UNWEIGHTED_SCORE,Verdicts[ALL],0.0,0.9367544467966324,0.0,0.0,2025-08-07T13:33:31.503273Z,2026-12-21T05:09:22Z,{v1}
BUILD_1754573610385,2026-04-15T14:10:25Z,2029-01-09T14:26:25Z,0.1,6047,tc125,MULTI_TRANSITION_RATE,UA_UNWEIGHTED_SCORE,Verdicts[ALL],0.0,0.9552786404500042,0.0,0.0,2025-08-07T13:33:31.503315Z,2027-08-27T21:10:26Z,{v1~v2}
BUILD_1754573610385,2026-04-15T14:10:25Z,2029-01-09T14:26:25Z,0.1,6047,tc125,MULTI_TRANSITION_RATE,UA_UNWEIGHTED_SCORE,Verdicts[ALL],0.0,0.9634851628329889,0.0,0.0,2025-08-07T13:33:31.503358Z,2028-05-04T01:30:35Z,{v1~v2~v3}
BUILD_1754573610385,2026-04-15T14:10:25Z,2029-01-09T14:26:25Z,0.1,6047,tc125,MULTI_TRANSITION_RATE,UA_UNWEIGHTED_SCORE,Verdicts[ALL],0.0,0.9683772233983162,0.0,0.0,2025-08-07T13:33:31.503391Z,2029-01-09T05:58:59Z,{v1~v2~v3~v4}
BUILD_1754573610385,2026-04-15T14:10:25Z,2029-01-09T14:26:25Z,0.1,6047,tc135,MULTI_TRANSITION_RATE,UA_UNWEIGHTED_SCORE,Verdicts[ALL],0.0,0.9367544467966324,0.0,0.0,2025-08-07T13:33:31.503562Z,2026-12-21T02:01:55Z,{v1}
BUILD_1754573610385,2026-04-15T14:10:25Z,2029-01-09T14:26:25Z,0.1,6047,tc135,MULTI_TRANSITION_RATE,UA_UNWEIGHTED_SCORE,Verdicts[ALL],0.0,0.9552786404500042,0.0,0.0,2025-08-07T13:33:31.503608Z,2027-08-28T08:54:19Z,{v1~v2}
BUILD_1754573610385,2026-04-15T14:10:25Z,2029-01-09T14:26:25Z,0.1,6047,tc135,MULTI_TRANSITION_RATE,UA_UNWEIGHTED_SCORE,Verdicts[ALL],0.0,0.9634851628329889,0.0,0.0,2025-08-07T13:33:31.503643Z,2028-05-03T19:50:45Z,{v1~v2~v3}
BUILD_1754573610385,2026-04-15T14:10:25Z,2029-01-09T14:26:25Z,0.1,6047,tc135,MULTI_TRANSITION_RATE,UA_UNWEIGHTED_SCORE,Verdicts[ALL],0.0,0.9683772233983162,0.0,0.0,2025-08-07T13:33:31.503671Z,2029-01-08T19:20:30Z,{v1~v2~v3~v4}
